anzsic_class_code,anzsic_class_name,anzsic_group_code,year,total_businesses,entry_rate,exit_rate,data_source
0111,Nursery Production (Under Cover),011,2025,331.0,5.7,10.6,ABS 8165.0 DC02 Table 1
0112,Nursery Production (Outdoors),011,2025,809.0,7.3,9.2,ABS 8165.0 DC02 Table 1
0113,Turf Growing,011,2025,442.0,8.2,9.8,ABS 8165.0 DC02 Table 1
0114,Floriculture Production (Under Cover),011,2025,117.0,5.5,13.4,ABS 8165.0 DC02 Table 1
0115,Floriculture Production (Outdoors),011,2025,532.0,8.6,9.0,ABS 8165.0 DC02 Table 1
0121,Mushroom Growing,012,2025,237.0,12.1,13.0,ABS 8165.0 DC02 Table 1
0122,Vegetable Growing (Under Cover),012,2025,931.0,9.0,12.0,ABS 8165.0 DC02 Table 1
0123,Vegetable Growing (Outdoors),012,2025,4475.0,7.6,8.8,ABS 8165.0 DC02 Table 1
0131,Grape Growing,013,2025,4894.0,4.6,8.7,ABS 8165.0 DC02 Table 1
0132,Kiwifruit Growing,013,2025,37.0,0.0,7.5,ABS 8165.0 DC02 Table 1
0133,Berry Fruit Growing,013,2025,595.0,9.3,8.6,ABS 8165.0 DC02 Table 1
0134,Apple and Pear Growing,013,2025,574.0,1.6,8.0,ABS 8165.0 DC02 Table 1
0135,Stone Fruit Growing,013,2025,688.0,6.6,10.0,ABS 8165.0 DC02 Table 1
0136,Citrus Fruit Growing,013,2025,925.0,6.4,7.3,ABS 8165.0 DC02 Table 1
0137,Olive Growing,013,2025,328.0,9.2,15.2,ABS 8165.0 DC02 Table 1
0139,Other Fruit and Tree Nut Growing,013,2025,3612.0,6.1,9.0,ABS 8165.0 DC02 Table 1
0141,Sheep Farming (Specialised),014,2025,8045.0,2.9,6.9,ABS 8165.0 DC02 Table 1
0142,Beef Cattle Farming (Specialised),014,2025,42599.0,6.5,7.2,ABS 8165.0 DC02 Table 1
0143,Beef Cattle Feedlots (Specialised),014,2025,157.0,9.8,7.2,ABS 8165.0 DC02 Table 1
0144,Sheep-Beef Cattle Farming,014,2025,15882.0,7.8,7.4,ABS 8165.0 DC02 Table 1
0145,Grain-Sheep or Grain-Beef Cattle Farming,014,2025,24641.0,6.5,6.2,ABS 8165.0 DC02 Table 1
0146,Rice Growing,014,2025,179.0,10.1,9.6,ABS 8165.0 DC02 Table 1
0149,Other Grain Growing,014,2025,10285.0,4.7,5.8,ABS 8165.0 DC02 Table 1
0151,Sugar Cane Growing,015,2025,3973.0,5.1,6.6,ABS 8165.0 DC02 Table 1
0152,Cotton Growing,015,2025,840.0,3.0,5.3,ABS 8165.0 DC02 Table 1
0159,Other Crop Growing n.e.c.,015,2025,1948.0,5.7,7.3,ABS 8165.0 DC02 Table 1
0160,Dairy Cattle Farming,016,2025,8044.0,3.6,6.4,ABS 8165.0 DC02 Table 1
0171,Poultry Farming (Meat),017,2025,849.0,6.6,8.7,ABS 8165.0 DC02 Table 1
0172,Poultry Farming (Eggs),017,2025,532.0,13.6,11.9,ABS 8165.0 DC02 Table 1
0180,Deer Farming,018,2025,82.0,0.0,8.9,ABS 8165.0 DC02 Table 1
0191,Horse Farming,019,2025,3313.0,9.2,9.3,ABS 8165.0 DC02 Table 1
0192,Pig Farming,019,2025,668.0,3.3,6.7,ABS 8165.0 DC02 Table 1
0193,Beekeeping,019,2025,1228.0,8.5,11.2,ABS 8165.0 DC02 Table 1
0199,Other Livestock Farming n.e.c.,019,2025,1889.0,11.4,14.3,ABS 8165.0 DC02 Table 1
0201,Offshore Longline and Rack Aquaculture,020,2025,556.0,7.8,6.7,ABS 8165.0 DC02 Table 1
0202,Offshore Caged Aquaculture,020,2025,51.0,20.0,6.7,ABS 8165.0 DC02 Table 1
0203,Onshore Aquaculture,020,2025,371.0,5.5,8.1,ABS 8165.0 DC02 Table 1
0301,Forestry,030,2025,1548.0,7.4,14.6,ABS 8165.0 DC02 Table 1
0302,Logging,030,2025,1501.0,13.1,11.7,ABS 8165.0 DC02 Table 1
0411,Rock Lobster and Crab Potting,041,2025,1421.0,5.7,8.7,ABS 8165.0 DC02 Table 1
0412,Prawn Fishing,041,2025,458.0,5.9,12.4,ABS 8165.0 DC02 Table 1
0413,Line Fishing,041,2025,564.0,8.4,12.1,ABS 8165.0 DC02 Table 1
0414,"Fish Trawling, Seining and Netting",041,2025,523.0,6.0,11.4,ABS 8165.0 DC02 Table 1
0419,Other Fishing,041,2025,995.0,6.1,8.2,ABS 8165.0 DC02 Table 1
0420,Hunting and Trapping,042,2025,786.0,15.3,12.7,ABS 8165.0 DC02 Table 1
0510,Forestry Support Services,051,2025,1026.0,13.9,11.1,ABS 8165.0 DC02 Table 1
0521,Cotton Ginning,052,2025,30.0,3.2,6.5,ABS 8165.0 DC02 Table 1
0522,Shearing Services,052,2025,1197.0,15.1,13.2,ABS 8165.0 DC02 Table 1
0529,Other Agriculture and Fishing Support Services,052,2025,15182.0,15.0,12.6,ABS 8165.0 DC02 Table 1
0600,Coal Mining,060,2025,306.0,10.9,10.2,ABS 8165.0 DC02 Table 1
0700,Oil and Gas Extraction,070,2025,309.0,7.0,13.3,ABS 8165.0 DC02 Table 1
0801,Iron Ore Mining,080,2025,124.0,11.5,1.8,ABS 8165.0 DC02 Table 1
0802,Bauxite Mining,080,2025,15.0,15.4,0.0,ABS 8165.0 DC02 Table 1
0803,Copper Ore Mining,080,2025,64.0,6.3,4.8,ABS 8165.0 DC02 Table 1
0804,Gold Ore Mining,080,2025,530.0,10.3,11.2,ABS 8165.0 DC02 Table 1
0805,Mineral Sand Mining,080,2025,120.0,5.7,7.4,ABS 8165.0 DC02 Table 1
0806,Nickel Ore Mining,080,2025,38.0,0.0,5.0,ABS 8165.0 DC02 Table 1
0807,Silver-Lead-Zinc Ore Mining,080,2025,31.0,3.1,6.3,ABS 8165.0 DC02 Table 1
0809,Other Metal Ore Mining,080,2025,105.0,5.6,8.3,ABS 8165.0 DC02 Table 1
0911,Gravel and Sand Quarrying,091,2025,316.0,9.5,5.9,ABS 8165.0 DC02 Table 1
0919,Other Construction Material Mining,091,2025,1069.0,13.2,9.2,ABS 8165.0 DC02 Table 1
0990,Other Non-Metallic Mineral Mining and Quarrying,099,2025,566.0,8.3,10.1,ABS 8165.0 DC02 Table 1
1011,Petroleum Exploration,101,2025,396.0,8.0,8.8,ABS 8165.0 DC02 Table 1
1012,Mineral Exploration,101,2025,2699.0,10.2,9.5,ABS 8165.0 DC02 Table 1
1090,Other Mining Support Services,109,2025,1975.0,15.0,13.0,ABS 8165.0 DC02 Table 1
1111,Meat Processing,111,2025,633.0,14.8,12.7,ABS 8165.0 DC02 Table 1
1112,Poultry Processing,111,2025,260.0,17.4,16.7,ABS 8165.0 DC02 Table 1
1113,Cured Meat and Smallgoods Manufacturing,111,2025,196.0,5.9,10.2,ABS 8165.0 DC02 Table 1
1120,Seafood Processing,112,2025,218.0,7.9,21.4,ABS 8165.0 DC02 Table 1
1131,Milk and Cream Processing,113,2025,66.0,7.7,6.2,ABS 8165.0 DC02 Table 1
1132,Ice Cream Manufacturing,113,2025,188.0,25.1,15.2,ABS 8165.0 DC02 Table 1
1133,Cheese and Other Dairy Product Manufacturing,113,2025,283.0,11.7,11.3,ABS 8165.0 DC02 Table 1
1140,Fruit and Vegetable Processing,114,2025,673.0,13.7,14.7,ABS 8165.0 DC02 Table 1
1150,Oil and Fat Manufacturing,115,2025,125.0,7.8,10.9,ABS 8165.0 DC02 Table 1
1161,Grain Mill Product Manufacturing,116,2025,81.0,14.9,5.4,ABS 8165.0 DC02 Table 1
1162,"Cereal, Pasta and Baking Mix Manufacturing",116,2025,340.0,21.6,15.0,ABS 8165.0 DC02 Table 1
1171,Bread Manufacturing (Factory based),117,2025,279.0,8.6,8.6,ABS 8165.0 DC02 Table 1
1172,Cake and Pastry Manufacturing (Factory based),117,2025,695.0,17.1,17.0,ABS 8165.0 DC02 Table 1
1173,Biscuit Manufacturing (Factory based),117,2025,55.0,5.0,13.3,ABS 8165.0 DC02 Table 1
1174,Bakery Product Manufacturing (Non-factory based),117,2025,5108.0,16.5,13.0,ABS 8165.0 DC02 Table 1
1181,Sugar Manufacturing,118,2025,29.0,6.7,10.0,ABS 8165.0 DC02 Table 1
1182,Confectionery Manufacturing,118,2025,377.0,13.3,13.3,ABS 8165.0 DC02 Table 1
1191,"Potato, Corn and Other Crisp Manufacturing",119,2025,11.0,9.1,9.1,ABS 8165.0 DC02 Table 1
1192,Prepared Animal and Bird Feed Manufacturing,119,2025,283.0,9.4,11.1,ABS 8165.0 DC02 Table 1
1199,Other Food Product Manufacturing n.e.c.,119,2025,1864.0,16.4,13.9,ABS 8165.0 DC02 Table 1
1211,"Soft Drink, Cordial and Syrup Manufacturing",121,2025,490.0,17.2,16.8,ABS 8165.0 DC02 Table 1
1212,Beer Manufacturing,121,2025,799.0,10.9,13.2,ABS 8165.0 DC02 Table 1
1213,Spirit Manufacturing,121,2025,197.0,13.8,12.8,ABS 8165.0 DC02 Table 1
1214,Wine and Other Alcoholic Beverage Manufacturing,121,2025,2332.0,8.2,9.4,ABS 8165.0 DC02 Table 1
1220,Cigarette and Tobacco Product Manufacturing,122,2025,4.0,20.0,40.0,ABS 8165.0 DC02 Table 1
1311,Wool Scouring,131,2025,12.0,0.0,14.3,ABS 8165.0 DC02 Table 1
1312,Natural Textile Manufacturing,131,2025,61.0,9.2,15.4,ABS 8165.0 DC02 Table 1
1313,Synthetic Textile Manufacturing,131,2025,54.0,10.9,12.7,ABS 8165.0 DC02 Table 1
1320,"Leather Tanning, Fur Dressing and Leather Product Manufacturing",132,2025,373.0,12.6,16.7,ABS 8165.0 DC02 Table 1
1331,Textile Floor Covering Manufacturing,133,2025,88.0,11.2,12.4,ABS 8165.0 DC02 Table 1
1332,"Rope, Cordage and Twine Manufacturing",133,2025,71.0,9.7,11.1,ABS 8165.0 DC02 Table 1
1333,Cut and Sewn Textile Product Manufacturing,133,2025,1460.0,8.8,11.9,ABS 8165.0 DC02 Table 1
1334,Textile Finishing and Other Textile Product Manufacturing,133,2025,743.0,10.9,10.8,ABS 8165.0 DC02 Table 1
1340,Knitted Product Manufacturing,134,2025,87.0,17.2,17.2,ABS 8165.0 DC02 Table 1
1351,Clothing Manufacturing,135,2025,2450.0,13.9,17.2,ABS 8165.0 DC02 Table 1
1352,Footwear Manufacturing,135,2025,162.0,11.0,12.2,ABS 8165.0 DC02 Table 1
1411,Log Sawmilling,141,2025,536.0,4.4,6.9,ABS 8165.0 DC02 Table 1
1412,Wood Chipping,141,2025,43.0,6.8,9.1,ABS 8165.0 DC02 Table 1
1413,Timber Resawing and Dressing,141,2025,213.0,10.4,14.0,ABS 8165.0 DC02 Table 1
1491,Prefabricated Wooden Building Manufacturing,149,2025,148.0,11.9,13.9,ABS 8165.0 DC02 Table 1
1492,Wooden Structural Fitting and Component Manufacturing,149,2025,4595.0,12.9,11.9,ABS 8165.0 DC02 Table 1
1493,Veneer and Plywood Manufacturing,149,2025,39.0,13.9,5.6,ABS 8165.0 DC02 Table 1
1494,Reconstituted Wood Product Manufacturing,149,2025,59.0,10.0,11.7,ABS 8165.0 DC02 Table 1
1499,Other Wood Product Manufacturing n.e.c.,149,2025,719.0,10.6,12.9,ABS 8165.0 DC02 Table 1
1510,"Pulp, Paper and Paperboard Manufacturing",151,2025,114.0,13.5,10.8,ABS 8165.0 DC02 Table 1
1521,Corrugated Paperboard and Paperboard Container Manufacturing,152,2025,131.0,4.4,7.4,ABS 8165.0 DC02 Table 1
1522,Paper Bag Manufacturing,152,2025,14.0,6.7,13.3,ABS 8165.0 DC02 Table 1
1523,Paper Stationery Manufacturing,152,2025,166.0,15.9,10.2,ABS 8165.0 DC02 Table 1
1524,Sanitary Paper Product Manufacturing,152,2025,46.0,8.3,12.5,ABS 8165.0 DC02 Table 1
1529,Other Converted Paper Product Manufacturing,152,2025,204.0,18.0,12.9,ABS 8165.0 DC02 Table 1
1611,Printing,161,2025,4061.0,9.6,12.1,ABS 8165.0 DC02 Table 1
1612,Printing Support Services,161,2025,627.0,13.5,13.0,ABS 8165.0 DC02 Table 1
1620,Reproduction of Recorded Media,162,2025,390.0,14.6,13.0,ABS 8165.0 DC02 Table 1
1701,Petroleum Refining and Petroleum Fuel Manufacturing,170,2025,171.0,9.6,13.5,ABS 8165.0 DC02 Table 1
1709,Other Petroleum and Coal Product Manufacturing,170,2025,151.0,10.9,14.1,ABS 8165.0 DC02 Table 1
1811,Industrial Gas Manufacturing,181,2025,91.0,10.1,18.2,ABS 8165.0 DC02 Table 1
1812,Basic Organic Chemical Manufacturing,181,2025,140.0,12.9,17.7,ABS 8165.0 DC02 Table 1
1813,Basic Inorganic Chemical Manufacturing,181,2025,92.0,12.1,11.0,ABS 8165.0 DC02 Table 1
1821,Synthetic Resin and Synthetic Rubber Manufacturing,182,2025,276.0,12.9,11.1,ABS 8165.0 DC02 Table 1
1829,Other Basic Polymer Manufacturing,182,2025,37.0,7.3,17.1,ABS 8165.0 DC02 Table 1
1831,Fertiliser Manufacturing,183,2025,307.0,9.5,12.3,ABS 8165.0 DC02 Table 1
1832,Pesticide Manufacturing,183,2025,83.0,12.3,9.9,ABS 8165.0 DC02 Table 1
1841,Human Pharmaceutical and Medicinal Product Manufacturing,184,2025,596.0,15.7,12.9,ABS 8165.0 DC02 Table 1
1842,Veterinary Pharmaceutical and Medicinal Product Manufacturing,184,2025,91.0,8.8,8.8,ABS 8165.0 DC02 Table 1
1851,Cleaning Compound Manufacturing,185,2025,416.0,12.2,16.2,ABS 8165.0 DC02 Table 1
1852,Cosmetic and Toiletry Preparation Manufacturing,185,2025,1029.0,22.2,18.4,ABS 8165.0 DC02 Table 1
1891,Photographic Chemical Product Manufacturing,189,2025,5.0,50.0,25.0,ABS 8165.0 DC02 Table 1
1892,Explosive Manufacturing,189,2025,33.0,2.9,8.6,ABS 8165.0 DC02 Table 1
1899,Other Basic Chemical Product Manufacturing n.e.c.,189,2025,159.0,15.4,13.5,ABS 8165.0 DC02 Table 1
1911,Polymer Film and Sheet Packaging Material Manufacturing,191,2025,247.0,7.5,9.5,ABS 8165.0 DC02 Table 1
1912,Rigid and Semi-Rigid Polymer Product Manufacturing,191,2025,1258.0,10.3,9.4,ABS 8165.0 DC02 Table 1
1913,Polymer Foam Product Manufacturing,191,2025,114.0,12.1,13.8,ABS 8165.0 DC02 Table 1
1914,Tyre Manufacturing,191,2025,68.0,7.7,20.5,ABS 8165.0 DC02 Table 1
1915,Adhesive Manufacturing,191,2025,46.0,8.5,10.6,ABS 8165.0 DC02 Table 1
1916,Paint and Coatings Manufacturing,191,2025,339.0,11.9,8.3,ABS 8165.0 DC02 Table 1
1919,Other Polymer Product Manufacturing,191,2025,850.0,12.0,10.7,ABS 8165.0 DC02 Table 1
1920,Natural Rubber Product Manufacturing,192,2025,130.0,6.8,8.3,ABS 8165.0 DC02 Table 1
2010,Glass and Glass Product Manufacturing,201,2025,563.0,5.7,7.7,ABS 8165.0 DC02 Table 1
2021,Clay Brick Manufacturing,202,2025,29.0,3.3,6.7,ABS 8165.0 DC02 Table 1
2029,Other Ceramic Product Manufacturing,202,2025,445.0,13.3,11.2,ABS 8165.0 DC02 Table 1
2031,Cement and Lime Manufacturing,203,2025,79.0,15.1,6.8,ABS 8165.0 DC02 Table 1
2032,Plaster Product Manufacturing,203,2025,128.0,11.7,11.7,ABS 8165.0 DC02 Table 1
2033,Ready-Mixed Concrete Manufacturing,203,2025,188.0,8.0,8.0,ABS 8165.0 DC02 Table 1
2034,Concrete Product Manufacturing,203,2025,774.0,11.4,12.5,ABS 8165.0 DC02 Table 1
2090,Other Non-Metallic Mineral Product Manufacturing,209,2025,1706.0,16.4,12.5,ABS 8165.0 DC02 Table 1
2110,Iron Smelting and Steel Manufacturing,211,2025,997.0,8.1,9.6,ABS 8165.0 DC02 Table 1
2121,Iron and Steel Casting,212,2025,174.0,10.6,13.4,ABS 8165.0 DC02 Table 1
2122,Steel Pipe and Tube Manufacturing,212,2025,147.0,7.7,13.5,ABS 8165.0 DC02 Table 1
2131,Alumina Production,213,2025,19.0,0.0,13.6,ABS 8165.0 DC02 Table 1
2132,Aluminium Smelting,213,2025,43.0,9.5,7.1,ABS 8165.0 DC02 Table 1
2133,"Copper, Silver, Lead and Zinc Smelting and Refining",213,2025,44.0,17.8,20.0,ABS 8165.0 DC02 Table 1
2139,Other Basic Non-Ferrous Metal Manufacturing,213,2025,131.0,10.6,11.4,ABS 8165.0 DC02 Table 1
2141,Non-Ferrous Metal Casting,214,2025,53.0,7.8,3.9,ABS 8165.0 DC02 Table 1
2142,"Aluminium Rolling, Drawing, Extruding",214,2025,72.0,11.1,11.1,ABS 8165.0 DC02 Table 1
2149,Other Basic Non-Ferrous Metal Product Manufacturing,214,2025,69.0,7.2,7.2,ABS 8165.0 DC02 Table 1
2210,Iron and Steel Forging,221,2025,125.0,6.2,10.0,ABS 8165.0 DC02 Table 1
2221,Structural Steel Fabricating,222,2025,2170.0,11.1,11.0,ABS 8165.0 DC02 Table 1
2222,Prefabricated Metal Building Manufacturing,222,2025,1915.0,18.7,12.7,ABS 8165.0 DC02 Table 1
2223,Architectural Aluminium Product Manufacturing,222,2025,1549.0,10.7,11.8,ABS 8165.0 DC02 Table 1
2224,Metal Roof and Guttering Manufacturing (except Aluminium),222,2025,114.0,10.7,16.5,ABS 8165.0 DC02 Table 1
2229,Other Structural Metal Product Manufacturing,222,2025,1555.0,11.9,12.0,ABS 8165.0 DC02 Table 1
2231,"Boiler, Tank and Other Heavy Gauge Metal Container Manufacturing",223,2025,1686.0,15.7,13.6,ABS 8165.0 DC02 Table 1
2239,Other Metal Container Manufacturing,223,2025,224.0,16.4,14.2,ABS 8165.0 DC02 Table 1
2240,Sheet Metal Product Manufacturing (except Metal Structural and Container,224,2025,977.0,6.4,8.3,ABS 8165.0 DC02 Table 1
2291,Spring and Wire Product Manufacturing,229,2025,306.0,8.1,9.1,ABS 8165.0 DC02 Table 1
2292,"Nut, Bolt, Screw and Rivet Manufacturing",229,2025,122.0,7.4,6.6,ABS 8165.0 DC02 Table 1
2293,Metal Coating and Finishing,229,2025,1435.0,9.3,10.0,ABS 8165.0 DC02 Table 1
2299,Other Fabricated Metal Product Manufacturing n.e.c.,229,2025,4859.0,13.1,13.5,ABS 8165.0 DC02 Table 1
2311,Motor Vehicle Manufacturing,231,2025,314.0,9.0,11.8,ABS 8165.0 DC02 Table 1
2312,Motor Vehicle Body and Trailer Manufacturing,231,2025,1493.0,10.7,12.9,ABS 8165.0 DC02 Table 1
2313,Automotive Electrical Component Manufacturing,231,2025,503.0,14.4,13.6,ABS 8165.0 DC02 Table 1
2319,Other Motor Vehicle Parts Manufacturing,231,2025,1145.0,12.5,11.8,ABS 8165.0 DC02 Table 1
2391,Shipbuilding and Repair Services,239,2025,412.0,11.6,10.1,ABS 8165.0 DC02 Table 1
2392,Boatbuilding and Repair Services,239,2025,1495.0,11.3,11.0,ABS 8165.0 DC02 Table 1
2393,Railway Rolling Stock Manufacturing and Repair Services,239,2025,123.0,8.9,8.9,ABS 8165.0 DC02 Table 1
2394,Aircraft Manufacturing and Repair Services,239,2025,970.0,12.9,10.5,ABS 8165.0 DC02 Table 1
2399,Other Transport Equipment Manufacturing n.e.c.,239,2025,301.0,14.2,14.6,ABS 8165.0 DC02 Table 1
2411,"Photographic, Optical and Ophthalmic Equipment Manufacturing",241,2025,153.0,11.9,10.6,ABS 8165.0 DC02 Table 1
2412,Medical and Surgical Equipment Manufacturing,241,2025,1845.0,10.4,9.2,ABS 8165.0 DC02 Table 1
2419,Other Professional and Scientific Equipment Manufacturing,241,2025,782.0,10.4,8.9,ABS 8165.0 DC02 Table 1
2421,Computer and Electronic Office Equipment Manufacturing,242,2025,297.0,8.2,14.5,ABS 8165.0 DC02 Table 1
2422,Communication Equipment Manufacturing,242,2025,322.0,9.1,7.6,ABS 8165.0 DC02 Table 1
2429,Other Electronic Equipment Manufacturing,242,2025,565.0,10.6,12.5,ABS 8165.0 DC02 Table 1
2431,Electric Cable and Wire Manufacturing,243,2025,104.0,16.5,9.3,ABS 8165.0 DC02 Table 1
2432,Electric Lighting Equipment Manufacturing,243,2025,378.0,7.3,12.5,ABS 8165.0 DC02 Table 1
2439,Other Electrical Equipment Manufacturing,243,2025,1029.0,15.1,10.6,ABS 8165.0 DC02 Table 1
2441,Whiteware Appliance Manufacturing,244,2025,116.0,11.0,12.7,ABS 8165.0 DC02 Table 1
2449,Other Domestic Appliance Manufacturing,244,2025,278.0,17.0,16.3,ABS 8165.0 DC02 Table 1
2451,Pump and Compressor Manufacturing,245,2025,178.0,4.8,9.1,ABS 8165.0 DC02 Table 1
2452,"Fixed Space Heating, Cooling and Ventilation Equipment Manufacturing",245,2025,379.0,11.8,12.1,ABS 8165.0 DC02 Table 1
2461,Agricultural Machinery and Equipment Manufacturing,246,2025,839.0,9.3,8.2,ABS 8165.0 DC02 Table 1
2462,Mining and Construction Machinery Manufacturing,246,2025,889.0,12.6,10.5,ABS 8165.0 DC02 Table 1
2463,Machine Tool and Parts Manufacturing,246,2025,1693.0,12.3,10.7,ABS 8165.0 DC02 Table 1
2469,Other Specialised Machinery and Equipment Manufacturing,246,2025,887.0,16.1,13.9,ABS 8165.0 DC02 Table 1
2491,Lifting and Material Handling Equipment Manufacturing,249,2025,529.0,10.8,10.4,ABS 8165.0 DC02 Table 1
2499,Other Machinery and Equipment Manufacturing n.e.c.,249,2025,824.0,9.0,7.9,ABS 8165.0 DC02 Table 1
2511,Wooden Furniture and Upholstered Seat Manufacturing,251,2025,4328.0,13.8,12.3,ABS 8165.0 DC02 Table 1
2512,Metal Furniture Manufacturing,251,2025,486.0,7.8,10.4,ABS 8165.0 DC02 Table 1
2513,Mattress Manufacturing,251,2025,72.0,10.3,4.4,ABS 8165.0 DC02 Table 1
2519,Other Furniture Manufacturing,251,2025,290.0,12.3,10.5,ABS 8165.0 DC02 Table 1
2591,Jewellery and Silverware Manufacturing,259,2025,1438.0,12.1,12.7,ABS 8165.0 DC02 Table 1
2592,"Toy, Sporting and Recreational Product Manufacturing",259,2025,932.0,14.3,15.3,ABS 8165.0 DC02 Table 1
2599,Other Manufacturing n.e.c.,259,2025,1595.0,10.4,13.2,ABS 8165.0 DC02 Table 1
2611,Fossil Fuel Electricity Generation,261,2025,122.0,18.2,7.3,ABS 8165.0 DC02 Table 1
2612,Hydro-Electricity Generation,261,2025,32.0,17.6,23.5,ABS 8165.0 DC02 Table 1
2619,Other Electricity Generation,261,2025,1705.0,18.8,14.0,ABS 8165.0 DC02 Table 1
2620,Electricity Transmission,262,2025,55.0,11.3,7.5,ABS 8165.0 DC02 Table 1
2630,Electricity Distribution,263,2025,122.0,16.7,15.0,ABS 8165.0 DC02 Table 1
2640,On Selling Electricity and Electricity Market Operation,264,2025,310.0,14.9,12.3,ABS 8165.0 DC02 Table 1
2700,Gas Supply,270,2025,179.0,5.2,12.0,ABS 8165.0 DC02 Table 1
2811,Water Supply,281,2025,593.0,6.7,6.7,ABS 8165.0 DC02 Table 1
2812,Sewerage and Drainage Services,281,2025,195.0,10.3,10.3,ABS 8165.0 DC02 Table 1
2911,Solid Waste Collection Services,291,2025,2356.0,14.5,15.1,ABS 8165.0 DC02 Table 1
2919,Other Waste Collection Services,291,2025,349.0,9.4,7.0,ABS 8165.0 DC02 Table 1
2921,Waste Treatment and Disposal Services,292,2025,804.0,9.1,11.6,ABS 8165.0 DC02 Table 1
2922,Waste Remediation and Materials Recovery Services,292,2025,2048.0,16.8,15.7,ABS 8165.0 DC02 Table 1
3011,House Construction,301,2025,66002.0,21.8,16.1,ABS 8165.0 DC02 Table 1
3019,Other Residential Building Construction,301,2025,29331.0,19.7,16.3,ABS 8165.0 DC02 Table 1
3020,Non-Residential Building Construction,302,2025,18623.0,16.5,13.0,ABS 8165.0 DC02 Table 1
3101,Road and Bridge Construction,310,2025,2492.0,11.8,12.6,ABS 8165.0 DC02 Table 1
3109,Other Heavy and Civil Engineering Construction,310,2025,7973.0,12.3,13.1,ABS 8165.0 DC02 Table 1
3211,Land Development and Subdivision,321,2025,12656.0,13.3,13.4,ABS 8165.0 DC02 Table 1
3212,Site Preparation Services,321,2025,22619.0,13.1,12.1,ABS 8165.0 DC02 Table 1
3221,Concreting Services,322,2025,16129.0,17.2,16.2,ABS 8165.0 DC02 Table 1
3222,Bricklaying Services,322,2025,9280.0,14.0,17.3,ABS 8165.0 DC02 Table 1
3223,Roofing Services,322,2025,6240.0,16.6,15.9,ABS 8165.0 DC02 Table 1
3224,Structural Steel Erection Services,322,2025,5139.0,17.5,16.3,ABS 8165.0 DC02 Table 1
3231,Plumbing Services,323,2025,31380.0,13.6,11.9,ABS 8165.0 DC02 Table 1
3232,Electrical Services,323,2025,48279.0,13.8,12.2,ABS 8165.0 DC02 Table 1
3233,Air Conditioning and Heating Services,323,2025,7481.0,13.5,10.4,ABS 8165.0 DC02 Table 1
3234,Fire and Security Alarm Installation Services,323,2025,4074.0,14.2,11.1,ABS 8165.0 DC02 Table 1
3239,Other Building Installation Services,323,2025,6249.0,14.5,12.9,ABS 8165.0 DC02 Table 1
3241,Plastering and Ceiling Services,324,2025,16407.0,15.6,16.5,ABS 8165.0 DC02 Table 1
3242,Carpentry Services,324,2025,53883.0,17.5,15.7,ABS 8165.0 DC02 Table 1
3243,Tiling and Carpeting Services,324,2025,20560.0,16.6,14.1,ABS 8165.0 DC02 Table 1
3244,Painting and Decorating Services,324,2025,24357.0,17.0,14.6,ABS 8165.0 DC02 Table 1
3245,Glazing Services,324,2025,3990.0,14.8,12.4,ABS 8165.0 DC02 Table 1
3291,Landscape Construction Services,329,2025,19283.0,16.4,14.2,ABS 8165.0 DC02 Table 1
3292,Hire of Construction Machinery with Operator,329,2025,2182.0,12.3,11.2,ABS 8165.0 DC02 Table 1
3299,Other Construction Services n.e.c.,329,2025,28330.0,21.8,19.3,ABS 8165.0 DC02 Table 1
3311,Wool Wholesaling,331,2025,143.0,2.7,6.1,ABS 8165.0 DC02 Table 1
3312,Cereal Grain Wholesaling,331,2025,317.0,5.4,9.7,ABS 8165.0 DC02 Table 1
3319,Other Agricultural Product Wholesaling,331,2025,3756.0,9.2,11.2,ABS 8165.0 DC02 Table 1
3321,Petroleum Product Wholesaling,332,2025,699.0,10.1,9.5,ABS 8165.0 DC02 Table 1
3322,Metal and Mineral Wholesaling,332,2025,1599.0,11.6,11.4,ABS 8165.0 DC02 Table 1
3323,Industrial and Agricultural Chemical Product Wholesaling,332,2025,2327.0,10.1,10.6,ABS 8165.0 DC02 Table 1
3331,Timber Wholesaling,333,2025,887.0,11.6,11.4,ABS 8165.0 DC02 Table 1
3332,Plumbing Goods Wholesaling,333,2025,750.0,12.0,12.0,ABS 8165.0 DC02 Table 1
3339,Other Hardware Goods Wholesaling,333,2025,5361.0,16.0,12.3,ABS 8165.0 DC02 Table 1
3411,Agricultural and Construction Machinery Wholesaling,341,2025,1826.0,11.2,10.3,ABS 8165.0 DC02 Table 1
3419,Other Specialised Industrial Machinery and Equipment Wholesaling,341,2025,2364.0,11.7,8.9,ABS 8165.0 DC02 Table 1
3491,Professional and Scientific Goods Wholesaling,349,2025,2391.0,12.2,11.7,ABS 8165.0 DC02 Table 1
3492,Computer and Computer Peripheral Wholesaling,349,2025,1172.0,5.6,9.6,ABS 8165.0 DC02 Table 1
3493,Telecommunication Goods Wholesaling,349,2025,858.0,15.8,14.0,ABS 8165.0 DC02 Table 1
3494,Other Electrical and Electronic Goods Wholesaling,349,2025,4379.0,12.6,12.2,ABS 8165.0 DC02 Table 1
3499,Other Machinery and Equipment Wholesaling n.e.c.,349,2025,2183.0,9.4,9.6,ABS 8165.0 DC02 Table 1
3501,Car Wholesaling,350,2025,1180.0,19.7,15.8,ABS 8165.0 DC02 Table 1
3502,Commercial Vehicle Wholesaling,350,2025,268.0,9.7,10.0,ABS 8165.0 DC02 Table 1
3503,Trailer and Other Motor Vehicle Wholesaling,350,2025,198.0,11.6,11.6,ABS 8165.0 DC02 Table 1
3504,Motor Vehicle New Parts Wholesaling,350,2025,2516.0,14.0,12.1,ABS 8165.0 DC02 Table 1
3505,Motor Vehicle Dismantling and Used Parts Wholesaling,350,2025,1700.0,20.0,15.5,ABS 8165.0 DC02 Table 1
3601,General Line Grocery Wholesaling,360,2025,709.0,15.3,14.1,ABS 8165.0 DC02 Table 1
3602,"Meat, Poultry and Smallgoods Wholesaling",360,2025,1296.0,10.8,11.2,ABS 8165.0 DC02 Table 1
3603,Dairy Produce Wholesaling,360,2025,545.0,11.9,12.2,ABS 8165.0 DC02 Table 1
3604,Fish and Seafood Wholesaling,360,2025,784.0,9.3,13.2,ABS 8165.0 DC02 Table 1
3605,Fruit and Vegetable Wholesaling,360,2025,1441.0,7.8,10.4,ABS 8165.0 DC02 Table 1
3606,Liquor and Tobacco Product Wholesaling,360,2025,2258.0,13.8,13.9,ABS 8165.0 DC02 Table 1
3609,Other Grocery Wholesaling,360,2025,5281.0,13.2,14.1,ABS 8165.0 DC02 Table 1
3711,Textile Product Wholesaling,371,2025,1162.0,11.6,11.1,ABS 8165.0 DC02 Table 1
3712,Clothing and Footwear Wholesaling,371,2025,2799.0,10.8,12.6,ABS 8165.0 DC02 Table 1
3720,Pharmaceutical and Toiletry Goods Wholesaling,372,2025,2680.0,13.5,15.4,ABS 8165.0 DC02 Table 1
3731,Furniture and Floor Covering Wholesaling,373,2025,1823.0,12.0,13.7,ABS 8165.0 DC02 Table 1
3732,Jewellery and Watch Wholesaling,373,2025,1002.0,12.3,16.8,ABS 8165.0 DC02 Table 1
3733,Kitchen and Diningware Wholesaling,373,2025,1309.0,13.6,18.7,ABS 8165.0 DC02 Table 1
3734,Toy and Sporting Goods Wholesaling,373,2025,1431.0,9.4,10.8,ABS 8165.0 DC02 Table 1
3735,Book and Magazine Wholesaling,373,2025,270.0,7.6,10.1,ABS 8165.0 DC02 Table 1
3736,Paper Product Wholesaling,373,2025,957.0,10.9,9.8,ABS 8165.0 DC02 Table 1
3739,Other Goods Wholesaling n.e.c.,373,2025,4115.0,8.8,13.7,ABS 8165.0 DC02 Table 1
3800,Commission-Based Wholesaling,380,2025,15361.0,21.1,18.7,ABS 8165.0 DC02 Table 1
3911,Car Retailing,391,2025,4969.0,14.3,12.2,ABS 8165.0 DC02 Table 1
3912,Motor Cycle Retailing,391,2025,581.0,7.4,9.4,ABS 8165.0 DC02 Table 1
3913,Trailer and Other Motor Vehicle Retailing,391,2025,538.0,12.8,14.1,ABS 8165.0 DC02 Table 1
3921,Motor Vehicle Parts Retailing,392,2025,2799.0,10.6,11.6,ABS 8165.0 DC02 Table 1
3922,Tyre Retailing,392,2025,2171.0,10.1,10.2,ABS 8165.0 DC02 Table 1
4000,Fuel Retailing,400,2025,4032.0,15.8,12.3,ABS 8165.0 DC02 Table 1
4110,Supermarket and Grocery Stores,411,2025,10313.0,21.8,14.9,ABS 8165.0 DC02 Table 1
4121,"Fresh Meat, Fish and Poultry Retailing",412,2025,3987.0,10.5,11.9,ABS 8165.0 DC02 Table 1
4122,Fruit and Vegetable Retailing,412,2025,2240.0,14.2,15.5,ABS 8165.0 DC02 Table 1
4123,Liquor Retailing,412,2025,2427.0,10.6,11.5,ABS 8165.0 DC02 Table 1
4129,Other Specialised Food Retailing,412,2025,7075.0,16.2,16.7,ABS 8165.0 DC02 Table 1
4211,Furniture Retailing,421,2025,3447.0,8.5,12.4,ABS 8165.0 DC02 Table 1
4212,Floor Coverings Retailing,421,2025,2005.0,10.2,10.4,ABS 8165.0 DC02 Table 1
4213,Houseware Retailing,421,2025,1701.0,10.7,16.2,ABS 8165.0 DC02 Table 1
4214,Manchester and Other Textile Goods Retailing,421,2025,1292.0,7.1,11.4,ABS 8165.0 DC02 Table 1
4221,"Electrical, Electronic and Gas Appliance Retailing",422,2025,4892.0,16.2,14.8,ABS 8165.0 DC02 Table 1
4222,Computer and Computer Peripheral Retailing,422,2025,2703.0,8.5,12.3,ABS 8165.0 DC02 Table 1
4229,Other Electrical and Electronic Goods Retailing,422,2025,1700.0,11.7,14.7,ABS 8165.0 DC02 Table 1
4231,Hardware and Building Supplies Retailing,423,2025,5880.0,10.3,11.1,ABS 8165.0 DC02 Table 1
4232,Garden Supplies Retailing,423,2025,2335.0,8.0,12.7,ABS 8165.0 DC02 Table 1
4241,Sport and Camping Equipment Retailing,424,2025,3903.0,11.6,13.9,ABS 8165.0 DC02 Table 1
4242,Entertainment Media Retailing,424,2025,631.0,12.8,13.2,ABS 8165.0 DC02 Table 1
4243,Toy and Game Retailing,424,2025,1715.0,18.0,18.6,ABS 8165.0 DC02 Table 1
4244,Newspaper and Book Retailing,424,2025,2914.0,6.8,12.2,ABS 8165.0 DC02 Table 1
4245,Marine Equipment Retailing,424,2025,892.0,10.5,10.1,ABS 8165.0 DC02 Table 1
4251,Clothing Retailing,425,2025,14642.0,19.2,19.7,ABS 8165.0 DC02 Table 1
4252,Footwear Retailing,425,2025,1125.0,10.1,13.7,ABS 8165.0 DC02 Table 1
4253,Watch and Jewellery Retailing,425,2025,2656.0,9.9,13.8,ABS 8165.0 DC02 Table 1
4259,Other Personal Accessory Retailing,425,2025,664.0,11.9,16.9,ABS 8165.0 DC02 Table 1
4260,Department Stores,426,2025,177.0,13.3,15.5,ABS 8165.0 DC02 Table 1
4271,"Pharmaceutical, Cosmetic and Toiletry Goods Retailing",427,2025,8990.0,11.0,9.2,ABS 8165.0 DC02 Table 1
4272,Stationery Goods Retailing,427,2025,787.0,10.0,13.2,ABS 8165.0 DC02 Table 1
4273,Antique and Used Goods Retailing,427,2025,2215.0,11.7,14.1,ABS 8165.0 DC02 Table 1
4274,Flower Retailing,427,2025,2690.0,12.4,16.4,ABS 8165.0 DC02 Table 1
4279,Other Store-Based Retailing n.e.c.,427,2025,14966.0,14.5,17.6,ABS 8165.0 DC02 Table 1
4310,Non-Store Retailing,431,2025,24869.0,24.1,22.3,ABS 8165.0 DC02 Table 1
4320,Retail Commission-Based Buying and/or Selling,432,2025,5246.0,16.6,20.0,ABS 8165.0 DC02 Table 1
4400,Accommodation,440,2025,13805.0,9.9,11.9,ABS 8165.0 DC02 Table 1
4511,Cafes and Restaurants,451,2025,56305.0,18.2,17.1,ABS 8165.0 DC02 Table 1
4512,Takeaway Food Services,451,2025,27415.0,23.1,18.7,ABS 8165.0 DC02 Table 1
4513,Catering Services,451,2025,4964.0,17.6,19.0,ABS 8165.0 DC02 Table 1
4520,"Pubs, Taverns and Bars",452,2025,6874.0,12.0,13.3,ABS 8165.0 DC02 Table 1
4530,Clubs (Hospitality),453,2025,3577.0,6.6,5.1,ABS 8165.0 DC02 Table 1
4610,Road Freight Transport,461,2025,65225.0,20.2,16.6,ABS 8165.0 DC02 Table 1
4621,Interurban and Rural Bus Transport,462,2025,619.0,9.9,12.4,ABS 8165.0 DC02 Table 1
4622,Urban Bus Transport (Including Tramway),462,2025,1963.0,10.5,10.3,ABS 8165.0 DC02 Table 1
4623,Taxi and Other Road Transport,462,2025,33116.0,18.0,23.1,ABS 8165.0 DC02 Table 1
4710,Rail Freight Transport,471,2025,49.0,4.1,4.1,ABS 8165.0 DC02 Table 1
4720,Rail Passenger Transport,472,2025,43.0,12.5,5.0,ABS 8165.0 DC02 Table 1
4810,Water Freight Transport,481,2025,395.0,17.7,11.6,ABS 8165.0 DC02 Table 1
4820,Water Passenger Transport,482,2025,336.0,15.8,15.8,ABS 8165.0 DC02 Table 1
4900,Air and Space Transport,490,2025,1480.0,12.2,11.4,ABS 8165.0 DC02 Table 1
5010,Scenic and Sightseeing Transport,501,2025,2566.0,12.8,14.4,ABS 8165.0 DC02 Table 1
5021,Pipeline Transport,502,2025,80.0,16.0,9.3,ABS 8165.0 DC02 Table 1
5029,Other Transport n.e.c.,502,2025,847.0,8.6,13.6,ABS 8165.0 DC02 Table 1
5101,Postal Services,510,2025,5167.0,15.8,16.5,ABS 8165.0 DC02 Table 1
5102,Courier Pick-up and Delivery Services,510,2025,67061.0,50.1,26.7,ABS 8165.0 DC02 Table 1
5211,Stevedoring Services,521,2025,145.0,32.8,10.9,ABS 8165.0 DC02 Table 1
5212,Port and Water Transport Terminal Operations,521,2025,177.0,10.5,7.0,ABS 8165.0 DC02 Table 1
5219,Other Water Transport Support Services,521,2025,943.0,20.8,13.5,ABS 8165.0 DC02 Table 1
5220,Airport Operations and Other Air Transport Support Services,522,2025,847.0,16.5,15.3,ABS 8165.0 DC02 Table 1
5291,Customs Agency Services,529,2025,614.0,8.6,14.2,ABS 8165.0 DC02 Table 1
5292,Freight Forwarding Services,529,2025,1137.0,11.8,10.8,ABS 8165.0 DC02 Table 1
5299,Other Transport Support Services n.e.c.,529,2025,64304.0,22.9,24.8,ABS 8165.0 DC02 Table 1
5301,Grain Storage Services,530,2025,117.0,5.2,4.3,ABS 8165.0 DC02 Table 1
5309,Other Warehousing and Storage Services,530,2025,2058.0,12.5,10.6,ABS 8165.0 DC02 Table 1
5411,Newspaper Publishing,541,2025,274.0,6.8,8.6,ABS 8165.0 DC02 Table 1
5412,Magazine and Other Periodical Publishing,541,2025,570.0,4.7,8.8,ABS 8165.0 DC02 Table 1
5413,Book Publishing,541,2025,884.0,10.4,11.3,ABS 8165.0 DC02 Table 1
5414,Directory and Mailing List Publishing,541,2025,43.0,14.0,28.0,ABS 8165.0 DC02 Table 1
5419,"Other Publishing (except Software, Music and Internet)",541,2025,169.0,7.0,8.2,ABS 8165.0 DC02 Table 1
5420,Software Publishing,542,2025,1388.0,19.1,13.3,ABS 8165.0 DC02 Table 1
5511,Motion Picture and Video Production,551,2025,8316.0,16.1,14.9,ABS 8165.0 DC02 Table 1
5512,Motion Picture and Video Distribution,551,2025,229.0,9.3,8.0,ABS 8165.0 DC02 Table 1
5513,Motion Picture Exhibition,551,2025,369.0,8.3,9.6,ABS 8165.0 DC02 Table 1
5514,Post-production Services and Other Motion Picture and Video Activities,551,2025,1121.0,16.7,13.4,ABS 8165.0 DC02 Table 1
5521,Music Publishing,552,2025,203.0,10.1,8.0,ABS 8165.0 DC02 Table 1
5522,Music and Other Sound Recording Activities,552,2025,1850.0,16.6,14.1,ABS 8165.0 DC02 Table 1
5610,Radio Broadcasting,561,2025,189.0,6.9,6.9,ABS 8165.0 DC02 Table 1
5621,Free-to-Air Television Broadcasting,562,2025,92.0,9.3,14.4,ABS 8165.0 DC02 Table 1
5622,Cable and Other Subscription Broadcasting,562,2025,67.0,10.0,14.3,ABS 8165.0 DC02 Table 1
5700,Internet Publishing and Broadcasting,570,2025,1805.0,14.5,14.9,ABS 8165.0 DC02 Table 1
5801,Wired Telecommunications Network Operation,580,2025,1463.0,16.9,13.7,ABS 8165.0 DC02 Table 1
5802,Other Telecommunications Network Operation,580,2025,691.0,15.2,14.3,ABS 8165.0 DC02 Table 1
5809,Other Telecommunications Services,580,2025,805.0,14.8,16.2,ABS 8165.0 DC02 Table 1
5910,Internet Service Providers and Web Search Portals,591,2025,1348.0,21.8,23.7,ABS 8165.0 DC02 Table 1
5921,Data Processing and Web Hosting Services,592,2025,2174.0,21.9,18.0,ABS 8165.0 DC02 Table 1
5922,Electronic Information Storage Services,592,2025,923.0,20.7,12.7,ABS 8165.0 DC02 Table 1
6010,Libraries and Archives,601,2025,101.0,8.2,4.1,ABS 8165.0 DC02 Table 1
6020,Other Information Services,602,2025,174.0,12.4,9.5,ABS 8165.0 DC02 Table 1
6221,Banking,622,2025,302.0,1.9,5.7,ABS 8165.0 DC02 Table 1
6222,Building Society Operation,622,2025,0.0,0.0,0.0,ABS 8165.0 DC02 Table 1
6223,Credit Union Operation,622,2025,3.0,0.0,0.0,ABS 8165.0 DC02 Table 1
6229,Other Depository Financial Intermediation,622,2025,954.0,12.7,11.6,ABS 8165.0 DC02 Table 1
6230,Non-Depository Financing,623,2025,3025.0,21.3,22.6,ABS 8165.0 DC02 Table 1
6240,Financial Asset Investing,624,2025,63490.0,16.4,12.5,ABS 8165.0 DC02 Table 1
6310,Life Insurance,631,2025,54.0,19.1,4.3,ABS 8165.0 DC02 Table 1
6321,Health Insurance,632,2025,119.0,6.6,8.3,ABS 8165.0 DC02 Table 1
6322,General Insurance,632,2025,240.0,27.0,9.3,ABS 8165.0 DC02 Table 1
6411,Financial Asset Broking Services,641,2025,11585.0,17.5,12.0,ABS 8165.0 DC02 Table 1
6419,Other Auxiliary Finance and Investment Services,641,2025,48735.0,16.5,12.6,ABS 8165.0 DC02 Table 1
6420,Auxiliary Insurance Services,642,2025,5235.0,10.6,12.1,ABS 8165.0 DC02 Table 1
6611,Passenger Car Rental and Hiring,661,2025,3735.0,26.4,19.2,ABS 8165.0 DC02 Table 1
6619,Other Motor Vehicle and Transport Equipment Rental and Hiring,661,2025,4354.0,13.9,13.8,ABS 8165.0 DC02 Table 1
6620,Farm Animal and Bloodstock Leasing,662,2025,99.0,11.5,16.3,ABS 8165.0 DC02 Table 1
6631,Heavy Machinery and Scaffolding Rental and Hiring,663,2025,11743.0,14.9,10.4,ABS 8165.0 DC02 Table 1
6632,Video and Other Electronic Media Rental and Hiring,663,2025,361.0,5.2,11.7,ABS 8165.0 DC02 Table 1
6639,Other Goods and Equipment Rental and Hiring n.e.c.,663,2025,7878.0,11.4,12.5,ABS 8165.0 DC02 Table 1
6640,Non-Financial Intangible Assets (Except Copyrights) Leasing,664,2025,3829.0,13.6,15.2,ABS 8165.0 DC02 Table 1
6711,Residential Property Operators,671,2025,58084.0,10.5,8.3,ABS 8165.0 DC02 Table 1
6712,Non-Residential Property Operators,671,2025,172135.0,12.3,8.4,ABS 8165.0 DC02 Table 1
6720,Real Estate Services,672,2025,45909.0,14.3,12.2,ABS 8165.0 DC02 Table 1
6910,Scientific Research Services,691,2025,6238.0,19.1,13.9,ABS 8165.0 DC02 Table 1
6921,Architectural Services,692,2025,13345.0,9.8,10.2,ABS 8165.0 DC02 Table 1
6922,Surveying and Mapping Services,692,2025,3644.0,10.9,11.1,ABS 8165.0 DC02 Table 1
6923,Engineering Design and Engineering Consulting Services,692,2025,48672.0,17.2,13.4,ABS 8165.0 DC02 Table 1
6924,Other Specialised Design Services,692,2025,17498.0,14.6,13.6,ABS 8165.0 DC02 Table 1
6925,Scientific Testing and Analysis Services,692,2025,3551.0,13.6,12.2,ABS 8165.0 DC02 Table 1
6931,Legal Services,693,2025,24004.0,9.8,8.4,ABS 8165.0 DC02 Table 1
6932,Accounting Services,693,2025,37000.0,10.3,9.2,ABS 8165.0 DC02 Table 1
6940,Advertising Services,694,2025,13527.0,19.2,16.8,ABS 8165.0 DC02 Table 1
6950,Market Research and Statistical Services,695,2025,2689.0,14.7,14.8,ABS 8165.0 DC02 Table 1
6961,Corporate Head Office Management Services,696,2025,666.0,15.1,9.2,ABS 8165.0 DC02 Table 1
6962,Management Advice and Related Consulting Services,696,2025,103124.0,20.1,16.3,ABS 8165.0 DC02 Table 1
6970,Veterinary Services,697,2025,3654.0,9.3,11.8,ABS 8165.0 DC02 Table 1
6991,Professional Photographic Services,699,2025,9355.0,15.2,14.5,ABS 8165.0 DC02 Table 1
6999,"Other Professional, Scientific and Technical Services n.e.c.",699,2025,2367.0,12.9,14.3,ABS 8165.0 DC02 Table 1
7000,Computer System Design and Related Services,700,2025,63927.0,17.1,14.4,ABS 8165.0 DC02 Table 1
7211,Employment Placement and Recruitment Services,721,2025,9027.0,17.8,13.4,ABS 8165.0 DC02 Table 1
7212,Labour Supply Services,721,2025,14229.0,24.9,22.0,ABS 8165.0 DC02 Table 1
7220,Travel Agency and Tour Arrangement Services,722,2025,8993.0,16.7,14.5,ABS 8165.0 DC02 Table 1
7291,Office Administrative Services,729,2025,13262.0,14.7,12.9,ABS 8165.0 DC02 Table 1
7292,Document Preparation Services,729,2025,1033.0,15.8,15.5,ABS 8165.0 DC02 Table 1
7293,Credit Reporting and Debt Collection Services,729,2025,711.0,17.6,16.0,ABS 8165.0 DC02 Table 1
7294,Call Centre Operation,729,2025,360.0,13.7,20.5,ABS 8165.0 DC02 Table 1
7299,Other Administrative Services n.e.c.,729,2025,12787.0,19.3,18.0,ABS 8165.0 DC02 Table 1
7311,Building and Other Industrial Cleaning Services,731,2025,45217.0,24.2,21.1,ABS 8165.0 DC02 Table 1
7312,Building Pest Control Services,731,2025,2871.0,10.7,11.7,ABS 8165.0 DC02 Table 1
7313,Gardening Services,731,2025,17566.0,18.3,15.4,ABS 8165.0 DC02 Table 1
7320,Packaging Services,732,2025,1052.0,14.1,14.3,ABS 8165.0 DC02 Table 1
7510,Central Government Administration,751,2025,78.0,38.1,14.3,ABS 8165.0 DC02 Table 1
7520,State Government Administration,752,2025,32.0,24.2,27.3,ABS 8165.0 DC02 Table 1
7530,Local Government Administration,753,2025,59.0,20.4,11.1,ABS 8165.0 DC02 Table 1
7540,Justice,754,2025,96.0,32.1,17.9,ABS 8165.0 DC02 Table 1
7551,Domestic Government Representation,755,2025,5.0,40.0,40.0,ABS 8165.0 DC02 Table 1
7552,Foreign Government Representation,755,2025,24.0,38.1,23.8,ABS 8165.0 DC02 Table 1
7600,Defence,760,2025,62.0,22.4,15.5,ABS 8165.0 DC02 Table 1
7712,Investigation and Security Services,771,2025,6510.0,18.1,17.3,ABS 8165.0 DC02 Table 1
7714,Correctional and Detention Services,771,2025,17.0,21.4,0.0,ABS 8165.0 DC02 Table 1
7719,Other Public Order and Safety Services,771,2025,652.0,27.1,21.3,ABS 8165.0 DC02 Table 1
7720,Regulatory Services,772,2025,245.0,20.9,14.3,ABS 8165.0 DC02 Table 1
8010,Preschool Education,801,2025,1846.0,7.1,4.9,ABS 8165.0 DC02 Table 1
8021,Primary Education,802,2025,426.0,4.0,3.1,ABS 8165.0 DC02 Table 1
8022,Secondary Education,802,2025,280.0,2.8,3.5,ABS 8165.0 DC02 Table 1
8023,Combined Primary and Secondary Education,802,2025,590.0,2.5,2.5,ABS 8165.0 DC02 Table 1
8024,Special School Education,802,2025,171.0,16.3,9.4,ABS 8165.0 DC02 Table 1
8101,Technical and Vocational Education and Training,810,2025,10027.0,14.9,14.2,ABS 8165.0 DC02 Table 1
8102,Higher Education,810,2025,708.0,13.7,11.8,ABS 8165.0 DC02 Table 1
8211,Sports and Physical Recreation Instruction,821,2025,7803.0,18.0,14.2,ABS 8165.0 DC02 Table 1
8212,Arts Education,821,2025,4392.0,16.1,13.9,ABS 8165.0 DC02 Table 1
8219,"Adult, Community and Other Education n.e.c.",821,2025,15549.0,19.0,15.8,ABS 8165.0 DC02 Table 1
8220,Educational Support Services,822,2025,1283.0,17.1,15.7,ABS 8165.0 DC02 Table 1
8401,Hospitals (Except Psychiatric Hospitals),840,2025,1046.0,12.1,7.8,ABS 8165.0 DC02 Table 1
8402,Psychiatric Hospitals,840,2025,57.0,6.8,10.2,ABS 8165.0 DC02 Table 1
8511,General Practice Medical Services,851,2025,52428.0,11.0,8.4,ABS 8165.0 DC02 Table 1
8512,Specialist Medical Services,851,2025,24365.0,10.9,6.8,ABS 8165.0 DC02 Table 1
8520,Pathology and Diagnostic Imaging Services,852,2025,3389.0,16.0,9.7,ABS 8165.0 DC02 Table 1
8531,Dental Services,853,2025,20296.0,10.8,7.9,ABS 8165.0 DC02 Table 1
8532,Optometry and Optical Dispensing,853,2025,3341.0,7.3,8.6,ABS 8165.0 DC02 Table 1
8533,Physiotherapy Services,853,2025,9493.0,14.1,9.0,ABS 8165.0 DC02 Table 1
8534,Chiropractic and Osteopathic Services,853,2025,6549.0,9.5,7.8,ABS 8165.0 DC02 Table 1
8539,Other Allied Health Services,853,2025,43983.0,19.9,11.4,ABS 8165.0 DC02 Table 1
8591,Ambulance Services,859,2025,43.0,23.1,12.8,ABS 8165.0 DC02 Table 1
8599,Other Health Care Services n.e.c.,859,2025,3084.0,24.6,15.9,ABS 8165.0 DC02 Table 1
8601,Aged Care Residential Services,860,2025,1891.0,8.2,7.2,ABS 8165.0 DC02 Table 1
8609,Other Residential Care Services,860,2025,1148.0,13.8,10.9,ABS 8165.0 DC02 Table 1
8710,Child Care Services,871,2025,11395.0,16.5,13.4,ABS 8165.0 DC02 Table 1
8790,Other Social Assistance Services,879,2025,30669.0,42.3,20.9,ABS 8165.0 DC02 Table 1
8910,Museum Operation,891,2025,171.0,7.2,12.7,ABS 8165.0 DC02 Table 1
8921,Zoological and Botanical Gardens Operation,892,2025,166.0,11.3,7.5,ABS 8165.0 DC02 Table 1
8922,Nature Reserves and Conservation Parks Operation,892,2025,183.0,14.0,11.2,ABS 8165.0 DC02 Table 1
9001,Performing Arts Operation,900,2025,2341.0,18.4,17.2,ABS 8165.0 DC02 Table 1
9002,"Creative Artists, Musicians, Writers and Performers",900,2025,17462.0,18.8,16.3,ABS 8165.0 DC02 Table 1
9003,Performing Arts Venue Operation,900,2025,963.0,17.5,14.1,ABS 8165.0 DC02 Table 1
9111,Health and Fitness Centres and Gymnasia Operation,911,2025,7961.0,18.9,14.0,ABS 8165.0 DC02 Table 1
9112,Sports and Physical Recreation Clubs and Sports Professionals,911,2025,2320.0,17.3,13.9,ABS 8165.0 DC02 Table 1
9113,"Sports and Physical Recreation Venues, Grounds and Facilities Operation",911,2025,1525.0,13.1,11.0,ABS 8165.0 DC02 Table 1
9114,Sports and Physical Recreation Administrative Service,911,2025,521.0,17.3,11.2,ABS 8165.0 DC02 Table 1
9121,Horse and Dog Racing Administration and Track Operation,912,2025,91.0,12.6,8.0,ABS 8165.0 DC02 Table 1
9129,Other Horse and Dog Racing Activities,912,2025,1966.0,9.7,12.8,ABS 8165.0 DC02 Table 1
9131,Amusement Parks and Centres Operation,913,2025,1129.0,12.1,12.2,ABS 8165.0 DC02 Table 1
9139,Amusement and Other Recreational Activities n.e.c.,913,2025,1331.0,11.1,12.8,ABS 8165.0 DC02 Table 1
9201,Casino Operation,920,2025,17.0,13.3,0.0,ABS 8165.0 DC02 Table 1
9202,Lottery Operation,920,2025,486.0,17.8,13.7,ABS 8165.0 DC02 Table 1
9209,Other Gambling Activities,920,2025,677.0,9.6,17.1,ABS 8165.0 DC02 Table 1
9411,Automotive Electrical Services,941,2025,3624.0,10.9,8.8,ABS 8165.0 DC02 Table 1
9412,"Automotive Body, Paint and Interior Repair",941,2025,14479.0,17.7,14.9,ABS 8165.0 DC02 Table 1
9419,Other Automotive Repair and Maintenance,941,2025,29046.0,14.3,11.6,ABS 8165.0 DC02 Table 1
9421,Domestic Appliance Repair and Maintenance,942,2025,2489.0,10.7,11.5,ABS 8165.0 DC02 Table 1
9422,Electronic (except Domestic Appliance) and Precision Equipment Repair,942,2025,3565.0,11.6,13.6,ABS 8165.0 DC02 Table 1
9429,Other Machinery and Equipment Repair and Maintenance,942,2025,13113.0,14.6,12.1,ABS 8165.0 DC02 Table 1
9491,Clothing and Footwear Repair,949,2025,768.0,14.7,13.9,ABS 8165.0 DC02 Table 1
9499,Other Repair and Maintenance n.e.c.,949,2025,2384.0,10.1,11.8,ABS 8165.0 DC02 Table 1
9511,Hairdressing and Beauty Services,951,2025,37517.0,19.1,16.1,ABS 8165.0 DC02 Table 1
9512,Diet and Weight Reduction Centre Operation,951,2025,255.0,14.2,18.7,ABS 8165.0 DC02 Table 1
9520,"Funeral, Crematorium and Cemetery Services",952,2025,942.0,8.8,12.3,ABS 8165.0 DC02 Table 1
9531,Laundry and Dry-Cleaning Services,953,2025,5086.0,19.8,17.8,ABS 8165.0 DC02 Table 1
9532,Photographic Film Processing,953,2025,394.0,10.4,15.0,ABS 8165.0 DC02 Table 1
9533,Parking Services,953,2025,343.0,11.4,10.9,ABS 8165.0 DC02 Table 1
9534,Brothel Keeping and Prostitution Services,953,2025,364.0,22.6,24.7,ABS 8165.0 DC02 Table 1
9539,Other Personal Services n.e.c.,953,2025,20200.0,23.2,18.2,ABS 8165.0 DC02 Table 1
9999,Currently Unknown,999,2025,1730.0,,,ABS 8165.0 DC02 Table 1
0111,Nursery Production (Under Cover),011,2024,348.0,7.4,8.8,ABS 8165.0 DC02 Table 2
0112,Nursery Production (Outdoors),011,2024,825.0,8.4,9.1,ABS 8165.0 DC02 Table 2
0113,Turf Growing,011,2024,449.0,6.6,8.1,ABS 8165.0 DC02 Table 2
0114,Floriculture Production (Under Cover),011,2024,127.0,5.3,8.4,ABS 8165.0 DC02 Table 2
0115,Floriculture Production (Outdoors),011,2024,534.0,8.8,8.8,ABS 8165.0 DC02 Table 2
0121,Mushroom Growing,012,2024,239.0,20.7,15.4,ABS 8165.0 DC02 Table 2
0122,Vegetable Growing (Under Cover),012,2024,960.0,12.6,11.6,ABS 8165.0 DC02 Table 2
0123,Vegetable Growing (Outdoors),012,2024,4532.0,7.3,10.2,ABS 8165.0 DC02 Table 2
0131,Grape Growing,013,2024,5104.0,4.8,7.8,ABS 8165.0 DC02 Table 2
0132,Kiwifruit Growing,013,2024,40.0,2.5,2.5,ABS 8165.0 DC02 Table 2
0133,Berry Fruit Growing,013,2024,591.0,8.4,9.5,ABS 8165.0 DC02 Table 2
0134,Apple and Pear Growing,013,2024,613.0,3.8,6.5,ABS 8165.0 DC02 Table 2
0135,Stone Fruit Growing,013,2024,712.0,4.4,7.5,ABS 8165.0 DC02 Table 2
0136,Citrus Fruit Growing,013,2024,933.0,4.2,7.9,ABS 8165.0 DC02 Table 2
0137,Olive Growing,013,2024,349.0,7.7,12.1,ABS 8165.0 DC02 Table 2
0139,Other Fruit and Tree Nut Growing,013,2024,3722.0,5.8,9.7,ABS 8165.0 DC02 Table 2
0141,Sheep Farming (Specialised),014,2024,8382.0,3.1,7.0,ABS 8165.0 DC02 Table 2
0142,Beef Cattle Farming (Specialised),014,2024,42905.0,6.4,7.9,ABS 8165.0 DC02 Table 2
0143,Beef Cattle Feedlots (Specialised),014,2024,153.0,6.4,8.9,ABS 8165.0 DC02 Table 2
0144,Sheep-Beef Cattle Farming,014,2024,15813.0,8.2,7.4,ABS 8165.0 DC02 Table 2
0145,Grain-Sheep or Grain-Beef Cattle Farming,014,2024,24562.0,6.6,6.4,ABS 8165.0 DC02 Table 2
0146,Rice Growing,014,2024,178.0,3.2,8.0,ABS 8165.0 DC02 Table 2
0149,Other Grain Growing,014,2024,10399.0,5.3,6.6,ABS 8165.0 DC02 Table 2
0151,Sugar Cane Growing,015,2024,4035.0,4.2,7.7,ABS 8165.0 DC02 Table 2
0152,Cotton Growing,015,2024,860.0,3.5,6.5,ABS 8165.0 DC02 Table 2
0159,Other Crop Growing n.e.c.,015,2024,1981.0,5.0,8.1,ABS 8165.0 DC02 Table 2
0160,Dairy Cattle Farming,016,2024,8275.0,4.0,6.5,ABS 8165.0 DC02 Table 2
0171,Poultry Farming (Meat),017,2024,867.0,5.5,8.1,ABS 8165.0 DC02 Table 2
0172,Poultry Farming (Eggs),017,2024,523.0,10.7,14.4,ABS 8165.0 DC02 Table 2
0180,Deer Farming,018,2024,90.0,2.1,7.4,ABS 8165.0 DC02 Table 2
0191,Horse Farming,019,2024,3316.0,9.4,10.5,ABS 8165.0 DC02 Table 2
0192,Pig Farming,019,2024,691.0,2.9,7.8,ABS 8165.0 DC02 Table 2
0193,Beekeeping,019,2024,1263.0,10.2,9.8,ABS 8165.0 DC02 Table 2
0199,Other Livestock Farming n.e.c.,019,2024,1946.0,11.4,16.5,ABS 8165.0 DC02 Table 2
0201,Offshore Longline and Rack Aquaculture,020,2024,550.0,5.8,12.7,ABS 8165.0 DC02 Table 2
0202,Offshore Caged Aquaculture,020,2024,45.0,10.0,20.0,ABS 8165.0 DC02 Table 2
0203,Onshore Aquaculture,020,2024,381.0,8.4,11.0,ABS 8165.0 DC02 Table 2
0301,Forestry,030,2024,1668.0,7.4,14.8,ABS 8165.0 DC02 Table 2
0302,Logging,030,2024,1481.0,12.4,13.2,ABS 8165.0 DC02 Table 2
0411,Rock Lobster and Crab Potting,041,2024,1466.0,5.3,8.1,ABS 8165.0 DC02 Table 2
0412,Prawn Fishing,041,2024,490.0,7.0,14.2,ABS 8165.0 DC02 Table 2
0413,Line Fishing,041,2024,586.0,9.0,11.6,ABS 8165.0 DC02 Table 2
0414,"Fish Trawling, Seining and Netting",041,2024,553.0,3.2,9.2,ABS 8165.0 DC02 Table 2
0419,Other Fishing,041,2024,1016.0,6.3,11.6,ABS 8165.0 DC02 Table 2
0420,Hunting and Trapping,042,2024,766.0,14.0,12.6,ABS 8165.0 DC02 Table 2
0510,Forestry Support Services,051,2024,998.0,13.4,11.3,ABS 8165.0 DC02 Table 2
0521,Cotton Ginning,052,2024,31.0,3.2,3.2,ABS 8165.0 DC02 Table 2
0522,Shearing Services,052,2024,1175.0,15.0,13.7,ABS 8165.0 DC02 Table 2
0529,Other Agriculture and Fishing Support Services,052,2024,14831.0,15.3,13.1,ABS 8165.0 DC02 Table 2
0600,Coal Mining,060,2024,304.0,9.6,8.9,ABS 8165.0 DC02 Table 2
0700,Oil and Gas Extraction,070,2024,330.0,11.4,9.8,ABS 8165.0 DC02 Table 2
0801,Iron Ore Mining,080,2024,113.0,12.4,12.4,ABS 8165.0 DC02 Table 2
0802,Bauxite Mining,080,2024,13.0,0.0,7.1,ABS 8165.0 DC02 Table 2
0803,Copper Ore Mining,080,2024,63.0,4.2,15.5,ABS 8165.0 DC02 Table 2
0804,Gold Ore Mining,080,2024,535.0,9.0,11.0,ABS 8165.0 DC02 Table 2
0805,Mineral Sand Mining,080,2024,122.0,4.0,7.1,ABS 8165.0 DC02 Table 2
0806,Nickel Ore Mining,080,2024,40.0,4.8,9.5,ABS 8165.0 DC02 Table 2
0807,Silver-Lead-Zinc Ore Mining,080,2024,32.0,3.0,6.1,ABS 8165.0 DC02 Table 2
0809,Other Metal Ore Mining,080,2024,108.0,8.4,7.5,ABS 8165.0 DC02 Table 2
0911,Gravel and Sand Quarrying,091,2024,305.0,2.5,8.6,ABS 8165.0 DC02 Table 2
0919,Other Construction Material Mining,091,2024,1028.0,14.2,8.2,ABS 8165.0 DC02 Table 2
0990,Other Non-Metallic Mineral Mining and Quarrying,099,2024,576.0,8.5,10.7,ABS 8165.0 DC02 Table 2
1011,Petroleum Exploration,101,2024,399.0,6.9,8.8,ABS 8165.0 DC02 Table 2
1012,Mineral Exploration,101,2024,2680.0,12.5,9.2,ABS 8165.0 DC02 Table 2
1090,Other Mining Support Services,109,2024,1936.0,17.1,14.5,ABS 8165.0 DC02 Table 2
1111,Meat Processing,111,2024,620.0,17.6,13.6,ABS 8165.0 DC02 Table 2
1112,Poultry Processing,111,2024,258.0,11.2,17.8,ABS 8165.0 DC02 Table 2
1113,Cured Meat and Smallgoods Manufacturing,111,2024,205.0,7.9,6.9,ABS 8165.0 DC02 Table 2
1120,Seafood Processing,112,2024,252.0,20.4,10.9,ABS 8165.0 DC02 Table 2
1131,Milk and Cream Processing,113,2024,65.0,6.0,9.0,ABS 8165.0 DC02 Table 2
1132,Ice Cream Manufacturing,113,2024,171.0,22.0,17.7,ABS 8165.0 DC02 Table 2
1133,Cheese and Other Dairy Product Manufacturing,113,2024,282.0,10.4,12.8,ABS 8165.0 DC02 Table 2
1140,Fruit and Vegetable Processing,114,2024,680.0,12.1,13.0,ABS 8165.0 DC02 Table 2
1150,Oil and Fat Manufacturing,115,2024,129.0,5.8,12.9,ABS 8165.0 DC02 Table 2
1161,Grain Mill Product Manufacturing,116,2024,74.0,11.0,9.6,ABS 8165.0 DC02 Table 2
1162,"Cereal, Pasta and Baking Mix Manufacturing",116,2024,319.0,15.2,12.0,ABS 8165.0 DC02 Table 2
1171,Bread Manufacturing (Factory based),117,2024,279.0,10.0,10.4,ABS 8165.0 DC02 Table 2
1172,Cake and Pastry Manufacturing (Factory based),117,2024,694.0,19.1,16.4,ABS 8165.0 DC02 Table 2
1173,Biscuit Manufacturing (Factory based),117,2024,60.0,14.3,7.1,ABS 8165.0 DC02 Table 2
1174,Bakery Product Manufacturing (Non-factory based),117,2024,4933.0,17.1,14.5,ABS 8165.0 DC02 Table 2
1181,Sugar Manufacturing,118,2024,30.0,6.9,3.4,ABS 8165.0 DC02 Table 2
1182,Confectionery Manufacturing,118,2024,377.0,14.6,14.4,ABS 8165.0 DC02 Table 2
1191,"Potato, Corn and Other Crisp Manufacturing",119,2024,11.0,22.2,0.0,ABS 8165.0 DC02 Table 2
1192,Prepared Animal and Bird Feed Manufacturing,119,2024,288.0,9.1,8.1,ABS 8165.0 DC02 Table 2
1199,Other Food Product Manufacturing n.e.c.,119,2024,1819.0,17.5,14.0,ABS 8165.0 DC02 Table 2
1211,"Soft Drink, Cordial and Syrup Manufacturing",121,2024,488.0,15.9,13.8,ABS 8165.0 DC02 Table 2
1212,Beer Manufacturing,121,2024,818.0,14.4,11.7,ABS 8165.0 DC02 Table 2
1213,Spirit Manufacturing,121,2024,195.0,20.2,10.7,ABS 8165.0 DC02 Table 2
1214,Wine and Other Alcoholic Beverage Manufacturing,121,2024,2362.0,9.4,8.6,ABS 8165.0 DC02 Table 2
1220,Cigarette and Tobacco Product Manufacturing,122,2024,5.0,20.0,20.0,ABS 8165.0 DC02 Table 2
1311,Wool Scouring,131,2024,14.0,7.7,0.0,ABS 8165.0 DC02 Table 2
1312,Natural Textile Manufacturing,131,2024,65.0,18.8,17.2,ABS 8165.0 DC02 Table 2
1313,Synthetic Textile Manufacturing,131,2024,55.0,13.7,5.9,ABS 8165.0 DC02 Table 2
1320,"Leather Tanning, Fur Dressing and Leather Product Manufacturing",132,2024,389.0,11.9,15.8,ABS 8165.0 DC02 Table 2
1331,Textile Floor Covering Manufacturing,133,2024,89.0,10.2,9.1,ABS 8165.0 DC02 Table 2
1332,"Rope, Cordage and Twine Manufacturing",133,2024,72.0,11.3,9.9,ABS 8165.0 DC02 Table 2
1333,Cut and Sewn Textile Product Manufacturing,133,2024,1507.0,9.4,10.7,ABS 8165.0 DC02 Table 2
1334,Textile Finishing and Other Textile Product Manufacturing,133,2024,742.0,15.0,12.7,ABS 8165.0 DC02 Table 2
1340,Knitted Product Manufacturing,134,2024,87.0,15.1,21.5,ABS 8165.0 DC02 Table 2
1351,Clothing Manufacturing,135,2024,2534.0,14.1,17.1,ABS 8165.0 DC02 Table 2
1352,Footwear Manufacturing,135,2024,164.0,12.3,11.1,ABS 8165.0 DC02 Table 2
1411,Log Sawmilling,141,2024,550.0,4.6,7.1,ABS 8165.0 DC02 Table 2
1412,Wood Chipping,141,2024,44.0,4.3,8.7,ABS 8165.0 DC02 Table 2
1413,Timber Resawing and Dressing,141,2024,221.0,9.1,8.6,ABS 8165.0 DC02 Table 2
1491,Prefabricated Wooden Building Manufacturing,149,2024,151.0,18.2,12.6,ABS 8165.0 DC02 Table 2
1492,Wooden Structural Fitting and Component Manufacturing,149,2024,4552.0,12.8,11.3,ABS 8165.0 DC02 Table 2
1493,Veneer and Plywood Manufacturing,149,2024,36.0,2.6,7.9,ABS 8165.0 DC02 Table 2
1494,Reconstituted Wood Product Manufacturing,149,2024,60.0,4.7,10.9,ABS 8165.0 DC02 Table 2
1499,Other Wood Product Manufacturing n.e.c.,149,2024,736.0,10.1,13.4,ABS 8165.0 DC02 Table 2
1510,"Pulp, Paper and Paperboard Manufacturing",151,2024,111.0,3.2,13.7,ABS 8165.0 DC02 Table 2
1521,Corrugated Paperboard and Paperboard Container Manufacturing,152,2024,135.0,10.6,8.3,ABS 8165.0 DC02 Table 2
1522,Paper Bag Manufacturing,152,2024,15.0,6.7,6.7,ABS 8165.0 DC02 Table 2
1523,Paper Stationery Manufacturing,152,2024,157.0,14.9,17.4,ABS 8165.0 DC02 Table 2
1524,Sanitary Paper Product Manufacturing,152,2024,48.0,6.1,8.2,ABS 8165.0 DC02 Table 2
1529,Other Converted Paper Product Manufacturing,152,2024,194.0,8.7,14.6,ABS 8165.0 DC02 Table 2
1611,Printing,161,2024,4163.0,8.9,11.7,ABS 8165.0 DC02 Table 2
1612,Printing Support Services,161,2024,624.0,12.1,12.7,ABS 8165.0 DC02 Table 2
1620,Reproduction of Recorded Media,162,2024,384.0,14.1,13.6,ABS 8165.0 DC02 Table 2
1701,Petroleum Refining and Petroleum Fuel Manufacturing,170,2024,178.0,17.3,11.3,ABS 8165.0 DC02 Table 2
1709,Other Petroleum and Coal Product Manufacturing,170,2024,156.0,11.2,14.3,ABS 8165.0 DC02 Table 2
1811,Industrial Gas Manufacturing,181,2024,99.0,19.6,12.0,ABS 8165.0 DC02 Table 2
1812,Basic Organic Chemical Manufacturing,181,2024,147.0,18.4,10.3,ABS 8165.0 DC02 Table 2
1813,Basic Inorganic Chemical Manufacturing,181,2024,91.0,17.3,4.9,ABS 8165.0 DC02 Table 2
1821,Synthetic Resin and Synthetic Rubber Manufacturing,182,2024,271.0,10.6,8.3,ABS 8165.0 DC02 Table 2
1829,Other Basic Polymer Manufacturing,182,2024,41.0,13.5,2.7,ABS 8165.0 DC02 Table 2
1831,Fertiliser Manufacturing,183,2024,316.0,7.7,10.7,ABS 8165.0 DC02 Table 2
1832,Pesticide Manufacturing,183,2024,81.0,10.2,18.2,ABS 8165.0 DC02 Table 2
1841,Human Pharmaceutical and Medicinal Product Manufacturing,184,2024,580.0,12.8,12.3,ABS 8165.0 DC02 Table 2
1842,Veterinary Pharmaceutical and Medicinal Product Manufacturing,184,2024,91.0,4.3,7.4,ABS 8165.0 DC02 Table 2
1851,Cleaning Compound Manufacturing,185,2024,433.0,14.1,14.1,ABS 8165.0 DC02 Table 2
1852,Cosmetic and Toiletry Preparation Manufacturing,185,2024,991.0,19.7,22.1,ABS 8165.0 DC02 Table 2
1891,Photographic Chemical Product Manufacturing,189,2024,4.0,33.3,0.0,ABS 8165.0 DC02 Table 2
1892,Explosive Manufacturing,189,2024,35.0,8.8,5.9,ABS 8165.0 DC02 Table 2
1899,Other Basic Chemical Product Manufacturing n.e.c.,189,2024,156.0,16.4,18.2,ABS 8165.0 DC02 Table 2
1911,Polymer Film and Sheet Packaging Material Manufacturing,191,2024,252.0,8.9,11.2,ABS 8165.0 DC02 Table 2
1912,Rigid and Semi-Rigid Polymer Product Manufacturing,191,2024,1247.0,7.9,10.9,ABS 8165.0 DC02 Table 2
1913,Polymer Foam Product Manufacturing,191,2024,116.0,7.6,10.1,ABS 8165.0 DC02 Table 2
1914,Tyre Manufacturing,191,2024,78.0,16.4,9.6,ABS 8165.0 DC02 Table 2
1915,Adhesive Manufacturing,191,2024,47.0,14.3,2.4,ABS 8165.0 DC02 Table 2
1916,Paint and Coatings Manufacturing,191,2024,327.0,8.4,10.5,ABS 8165.0 DC02 Table 2
1919,Other Polymer Product Manufacturing,191,2024,839.0,12.6,13.0,ABS 8165.0 DC02 Table 2
1920,Natural Rubber Product Manufacturing,192,2024,132.0,7.8,14.2,ABS 8165.0 DC02 Table 2
2010,Glass and Glass Product Manufacturing,201,2024,574.0,8.1,9.6,ABS 8165.0 DC02 Table 2
2021,Clay Brick Manufacturing,202,2024,30.0,2.9,17.1,ABS 8165.0 DC02 Table 2
2029,Other Ceramic Product Manufacturing,202,2024,436.0,15.7,16.4,ABS 8165.0 DC02 Table 2
2031,Cement and Lime Manufacturing,203,2024,73.0,12.2,13.5,ABS 8165.0 DC02 Table 2
2032,Plaster Product Manufacturing,203,2024,128.0,13.8,15.4,ABS 8165.0 DC02 Table 2
2033,Ready-Mixed Concrete Manufacturing,203,2024,188.0,4.1,6.7,ABS 8165.0 DC02 Table 2
2034,Concrete Product Manufacturing,203,2024,783.0,9.8,10.5,ABS 8165.0 DC02 Table 2
2090,Other Non-Metallic Mineral Product Manufacturing,209,2024,1643.0,16.2,13.6,ABS 8165.0 DC02 Table 2
2110,Iron Smelting and Steel Manufacturing,211,2024,1012.0,7.0,9.4,ABS 8165.0 DC02 Table 2
2121,Iron and Steel Casting,212,2024,179.0,8.5,6.8,ABS 8165.0 DC02 Table 2
2122,Steel Pipe and Tube Manufacturing,212,2024,156.0,6.3,7.6,ABS 8165.0 DC02 Table 2
2131,Alumina Production,213,2024,22.0,26.3,10.5,ABS 8165.0 DC02 Table 2
2132,Aluminium Smelting,213,2024,42.0,4.8,4.8,ABS 8165.0 DC02 Table 2
2133,"Copper, Silver, Lead and Zinc Smelting and Refining",213,2024,45.0,12.5,18.8,ABS 8165.0 DC02 Table 2
2139,Other Basic Non-Ferrous Metal Manufacturing,213,2024,132.0,10.9,8.5,ABS 8165.0 DC02 Table 2
2141,Non-Ferrous Metal Casting,214,2024,51.0,3.8,5.8,ABS 8165.0 DC02 Table 2
2142,"Aluminium Rolling, Drawing, Extruding",214,2024,72.0,4.9,16.0,ABS 8165.0 DC02 Table 2
2149,Other Basic Non-Ferrous Metal Product Manufacturing,214,2024,69.0,4.2,7.0,ABS 8165.0 DC02 Table 2
2210,Iron and Steel Forging,221,2024,130.0,11.9,14.9,ABS 8165.0 DC02 Table 2
2221,Structural Steel Fabricating,222,2024,2168.0,12.2,11.4,ABS 8165.0 DC02 Table 2
2222,Prefabricated Metal Building Manufacturing,222,2024,1807.0,20.1,12.7,ABS 8165.0 DC02 Table 2
2223,Architectural Aluminium Product Manufacturing,222,2024,1567.0,11.8,9.4,ABS 8165.0 DC02 Table 2
2224,Metal Roof and Guttering Manufacturing (except Aluminium),222,2024,121.0,13.4,11.8,ABS 8165.0 DC02 Table 2
2229,Other Structural Metal Product Manufacturing,222,2024,1557.0,12.8,11.9,ABS 8165.0 DC02 Table 2
2231,"Boiler, Tank and Other Heavy Gauge Metal Container Manufacturing",223,2024,1651.0,15.7,13.2,ABS 8165.0 DC02 Table 2
2239,Other Metal Container Manufacturing,223,2024,219.0,10.8,12.2,ABS 8165.0 DC02 Table 2
2240,Sheet Metal Product Manufacturing (except Metal Structural and Container,224,2024,996.0,6.7,8.8,ABS 8165.0 DC02 Table 2
2291,Spring and Wire Product Manufacturing,229,2024,309.0,10.3,11.2,ABS 8165.0 DC02 Table 2
2292,"Nut, Bolt, Screw and Rivet Manufacturing",229,2024,121.0,4.0,7.2,ABS 8165.0 DC02 Table 2
2293,Metal Coating and Finishing,229,2024,1444.0,9.3,10.1,ABS 8165.0 DC02 Table 2
2299,Other Fabricated Metal Product Manufacturing n.e.c.,229,2024,4878.0,17.3,13.2,ABS 8165.0 DC02 Table 2
2311,Motor Vehicle Manufacturing,231,2024,323.0,10.1,14.2,ABS 8165.0 DC02 Table 2
2312,Motor Vehicle Body and Trailer Manufacturing,231,2024,1526.0,12.4,11.6,ABS 8165.0 DC02 Table 2
2313,Automotive Electrical Component Manufacturing,231,2024,499.0,14.7,14.5,ABS 8165.0 DC02 Table 2
2319,Other Motor Vehicle Parts Manufacturing,231,2024,1137.0,16.2,12.5,ABS 8165.0 DC02 Table 2
2391,Shipbuilding and Repair Services,239,2024,406.0,16.3,15.8,ABS 8165.0 DC02 Table 2
2392,Boatbuilding and Repair Services,239,2024,1490.0,11.3,11.3,ABS 8165.0 DC02 Table 2
2393,Railway Rolling Stock Manufacturing and Repair Services,239,2024,123.0,11.1,6.0,ABS 8165.0 DC02 Table 2
2394,Aircraft Manufacturing and Repair Services,239,2024,948.0,11.6,11.9,ABS 8165.0 DC02 Table 2
2399,Other Transport Equipment Manufacturing n.e.c.,239,2024,302.0,13.2,13.5,ABS 8165.0 DC02 Table 2
2411,"Photographic, Optical and Ophthalmic Equipment Manufacturing",241,2024,151.0,11.6,8.2,ABS 8165.0 DC02 Table 2
2412,Medical and Surgical Equipment Manufacturing,241,2024,1823.0,9.8,10.3,ABS 8165.0 DC02 Table 2
2419,Other Professional and Scientific Equipment Manufacturing,241,2024,771.0,11.9,9.1,ABS 8165.0 DC02 Table 2
2421,Computer and Electronic Office Equipment Manufacturing,242,2024,317.0,11.6,11.9,ABS 8165.0 DC02 Table 2
2422,Communication Equipment Manufacturing,242,2024,317.0,7.2,7.8,ABS 8165.0 DC02 Table 2
2429,Other Electronic Equipment Manufacturing,242,2024,576.0,10.4,11.8,ABS 8165.0 DC02 Table 2
2431,Electric Cable and Wire Manufacturing,243,2024,97.0,13.8,10.6,ABS 8165.0 DC02 Table 2
2432,Electric Lighting Equipment Manufacturing,243,2024,399.0,9.5,7.2,ABS 8165.0 DC02 Table 2
2439,Other Electrical Equipment Manufacturing,243,2024,984.0,12.4,8.9,ABS 8165.0 DC02 Table 2
2441,Whiteware Appliance Manufacturing,244,2024,118.0,7.1,14.2,ABS 8165.0 DC02 Table 2
2449,Other Domestic Appliance Manufacturing,244,2024,276.0,15.6,20.1,ABS 8165.0 DC02 Table 2
2451,Pump and Compressor Manufacturing,245,2024,186.0,6.2,9.8,ABS 8165.0 DC02 Table 2
2452,"Fixed Space Heating, Cooling and Ventilation Equipment Manufacturing",245,2024,380.0,13.2,11.0,ABS 8165.0 DC02 Table 2
2461,Agricultural Machinery and Equipment Manufacturing,246,2024,830.0,6.4,8.4,ABS 8165.0 DC02 Table 2
2462,Mining and Construction Machinery Manufacturing,246,2024,870.0,11.9,10.7,ABS 8165.0 DC02 Table 2
2463,Machine Tool and Parts Manufacturing,246,2024,1666.0,13.5,12.1,ABS 8165.0 DC02 Table 2
2469,Other Specialised Machinery and Equipment Manufacturing,246,2024,868.0,15.1,15.7,ABS 8165.0 DC02 Table 2
2491,Lifting and Material Handling Equipment Manufacturing,249,2024,527.0,10.5,11.6,ABS 8165.0 DC02 Table 2
2499,Other Machinery and Equipment Manufacturing n.e.c.,249,2024,815.0,9.2,10.5,ABS 8165.0 DC02 Table 2
2511,Wooden Furniture and Upholstered Seat Manufacturing,251,2024,4266.0,15.1,12.0,ABS 8165.0 DC02 Table 2
2512,Metal Furniture Manufacturing,251,2024,499.0,11.8,10.4,ABS 8165.0 DC02 Table 2
2513,Mattress Manufacturing,251,2024,68.0,10.3,10.3,ABS 8165.0 DC02 Table 2
2519,Other Furniture Manufacturing,251,2024,285.0,9.4,14.0,ABS 8165.0 DC02 Table 2
2591,Jewellery and Silverware Manufacturing,259,2024,1446.0,14.3,12.6,ABS 8165.0 DC02 Table 2
2592,"Toy, Sporting and Recreational Product Manufacturing",259,2024,941.0,14.3,15.1,ABS 8165.0 DC02 Table 2
2599,Other Manufacturing n.e.c.,259,2024,1642.0,12.1,14.0,ABS 8165.0 DC02 Table 2
2611,Fossil Fuel Electricity Generation,261,2024,110.0,9.1,18.2,ABS 8165.0 DC02 Table 2
2612,Hydro-Electricity Generation,261,2024,34.0,5.7,8.6,ABS 8165.0 DC02 Table 2
2619,Other Electricity Generation,261,2024,1626.0,26.4,12.4,ABS 8165.0 DC02 Table 2
2620,Electricity Transmission,262,2024,53.0,26.1,10.9,ABS 8165.0 DC02 Table 2
2630,Electricity Distribution,263,2024,120.0,20.2,10.1,ABS 8165.0 DC02 Table 2
2640,On Selling Electricity and Electricity Market Operation,264,2024,302.0,22.3,15.5,ABS 8165.0 DC02 Table 2
2700,Gas Supply,270,2024,192.0,6.1,8.2,ABS 8165.0 DC02 Table 2
2811,Water Supply,281,2024,593.0,4.7,8.6,ABS 8165.0 DC02 Table 2
2812,Sewerage and Drainage Services,281,2024,195.0,6.8,11.7,ABS 8165.0 DC02 Table 2
2911,Solid Waste Collection Services,291,2024,2371.0,14.9,14.7,ABS 8165.0 DC02 Table 2
2919,Other Waste Collection Services,291,2024,341.0,9.3,10.2,ABS 8165.0 DC02 Table 2
2921,Waste Treatment and Disposal Services,292,2024,825.0,11.7,10.9,ABS 8165.0 DC02 Table 2
2922,Waste Remediation and Materials Recovery Services,292,2024,2024.0,16.6,15.3,ABS 8165.0 DC02 Table 2
3011,House Construction,301,2024,62460.0,21.4,16.6,ABS 8165.0 DC02 Table 2
3019,Other Residential Building Construction,301,2024,28385.0,19.1,17.0,ABS 8165.0 DC02 Table 2
3020,Non-Residential Building Construction,302,2024,17994.0,16.8,13.1,ABS 8165.0 DC02 Table 2
3101,Road and Bridge Construction,310,2024,2514.0,13.5,11.5,ABS 8165.0 DC02 Table 2
3109,Other Heavy and Civil Engineering Construction,310,2024,8036.0,14.2,12.7,ABS 8165.0 DC02 Table 2
3211,Land Development and Subdivision,321,2024,12664.0,13.6,14.0,ABS 8165.0 DC02 Table 2
3212,Site Preparation Services,321,2024,22393.0,14.1,12.1,ABS 8165.0 DC02 Table 2
3221,Concreting Services,322,2024,15973.0,17.0,17.2,ABS 8165.0 DC02 Table 2
3222,Bricklaying Services,322,2024,9598.0,13.9,17.5,ABS 8165.0 DC02 Table 2
3223,Roofing Services,322,2024,6193.0,16.1,15.3,ABS 8165.0 DC02 Table 2
3224,Structural Steel Erection Services,322,2024,5083.0,19.1,17.0,ABS 8165.0 DC02 Table 2
3231,Plumbing Services,323,2024,30870.0,13.5,12.0,ABS 8165.0 DC02 Table 2
3232,Electrical Services,323,2024,47524.0,14.2,12.9,ABS 8165.0 DC02 Table 2
3233,Air Conditioning and Heating Services,323,2024,7261.0,12.7,11.7,ABS 8165.0 DC02 Table 2
3234,Fire and Security Alarm Installation Services,323,2024,3950.0,13.4,11.6,ABS 8165.0 DC02 Table 2
3239,Other Building Installation Services,323,2024,6151.0,15.4,13.1,ABS 8165.0 DC02 Table 2
3241,Plastering and Ceiling Services,324,2024,16550.0,16.9,17.3,ABS 8165.0 DC02 Table 2
3242,Carpentry Services,324,2024,52935.0,18.0,16.4,ABS 8165.0 DC02 Table 2
3243,Tiling and Carpeting Services,324,2024,20067.0,17.9,14.4,ABS 8165.0 DC02 Table 2
3244,Painting and Decorating Services,324,2024,23785.0,18.1,15.7,ABS 8165.0 DC02 Table 2
3245,Glazing Services,324,2024,3896.0,14.6,13.4,ABS 8165.0 DC02 Table 2
3291,Landscape Construction Services,329,2024,18868.0,17.2,15.0,ABS 8165.0 DC02 Table 2
3292,Hire of Construction Machinery with Operator,329,2024,2159.0,13.0,11.0,ABS 8165.0 DC02 Table 2
3299,Other Construction Services n.e.c.,329,2024,27628.0,23.4,20.8,ABS 8165.0 DC02 Table 2
3311,Wool Wholesaling,331,2024,148.0,1.3,8.8,ABS 8165.0 DC02 Table 2
3312,Cereal Grain Wholesaling,331,2024,331.0,9.2,8.0,ABS 8165.0 DC02 Table 2
3319,Other Agricultural Product Wholesaling,331,2024,3831.0,8.9,10.5,ABS 8165.0 DC02 Table 2
3321,Petroleum Product Wholesaling,332,2024,695.0,9.9,10.1,ABS 8165.0 DC02 Table 2
3322,Metal and Mineral Wholesaling,332,2024,1596.0,14.1,10.6,ABS 8165.0 DC02 Table 2
3323,Industrial and Agricultural Chemical Product Wholesaling,332,2024,2340.0,11.6,12.3,ABS 8165.0 DC02 Table 2
3331,Timber Wholesaling,333,2024,885.0,6.7,18.1,ABS 8165.0 DC02 Table 2
3332,Plumbing Goods Wholesaling,333,2024,750.0,10.5,10.5,ABS 8165.0 DC02 Table 2
3339,Other Hardware Goods Wholesaling,333,2024,5169.0,15.2,12.9,ABS 8165.0 DC02 Table 2
3411,Agricultural and Construction Machinery Wholesaling,341,2024,1810.0,10.6,8.6,ABS 8165.0 DC02 Table 2
3419,Other Specialised Industrial Machinery and Equipment Wholesaling,341,2024,2300.0,11.2,9.9,ABS 8165.0 DC02 Table 2
3491,Professional and Scientific Goods Wholesaling,349,2024,2379.0,11.6,11.5,ABS 8165.0 DC02 Table 2
3492,Computer and Computer Peripheral Wholesaling,349,2024,1221.0,5.1,7.8,ABS 8165.0 DC02 Table 2
3493,Telecommunication Goods Wholesaling,349,2024,843.0,12.0,14.0,ABS 8165.0 DC02 Table 2
3494,Other Electrical and Electronic Goods Wholesaling,349,2024,4362.0,12.9,12.8,ABS 8165.0 DC02 Table 2
3499,Other Machinery and Equipment Wholesaling n.e.c.,349,2024,2188.0,7.9,10.1,ABS 8165.0 DC02 Table 2
3501,Car Wholesaling,350,2024,1136.0,17.4,15.5,ABS 8165.0 DC02 Table 2
3502,Commercial Vehicle Wholesaling,350,2024,269.0,12.4,8.5,ABS 8165.0 DC02 Table 2
3503,Trailer and Other Motor Vehicle Wholesaling,350,2024,198.0,16.7,19.2,ABS 8165.0 DC02 Table 2
3504,Motor Vehicle New Parts Wholesaling,350,2024,2470.0,12.1,14.3,ABS 8165.0 DC02 Table 2
3505,Motor Vehicle Dismantling and Used Parts Wholesaling,350,2024,1627.0,18.8,19.2,ABS 8165.0 DC02 Table 2
3601,General Line Grocery Wholesaling,360,2024,701.0,13.8,13.1,ABS 8165.0 DC02 Table 2
3602,"Meat, Poultry and Smallgoods Wholesaling",360,2024,1301.0,12.1,12.3,ABS 8165.0 DC02 Table 2
3603,Dairy Produce Wholesaling,360,2024,547.0,11.8,12.8,ABS 8165.0 DC02 Table 2
3604,Fish and Seafood Wholesaling,360,2024,816.0,11.4,13.1,ABS 8165.0 DC02 Table 2
3605,Fruit and Vegetable Wholesaling,360,2024,1478.0,8.1,11.2,ABS 8165.0 DC02 Table 2
3606,Liquor and Tobacco Product Wholesaling,360,2024,2260.0,12.3,15.8,ABS 8165.0 DC02 Table 2
3609,Other Grocery Wholesaling,360,2024,5329.0,13.8,14.6,ABS 8165.0 DC02 Table 2
3711,Textile Product Wholesaling,371,2024,1157.0,12.6,12.7,ABS 8165.0 DC02 Table 2
3712,Clothing and Footwear Wholesaling,371,2024,2851.0,10.1,13.8,ABS 8165.0 DC02 Table 2
3720,Pharmaceutical and Toiletry Goods Wholesaling,372,2024,2733.0,13.0,14.8,ABS 8165.0 DC02 Table 2
3731,Furniture and Floor Covering Wholesaling,373,2024,1855.0,14.4,14.9,ABS 8165.0 DC02 Table 2
3732,Jewellery and Watch Wholesaling,373,2024,1049.0,12.3,15.3,ABS 8165.0 DC02 Table 2
3733,Kitchen and Diningware Wholesaling,373,2024,1380.0,13.1,17.3,ABS 8165.0 DC02 Table 2
3734,Toy and Sporting Goods Wholesaling,373,2024,1452.0,9.8,10.8,ABS 8165.0 DC02 Table 2
3735,Book and Magazine Wholesaling,373,2024,277.0,9.4,13.2,ABS 8165.0 DC02 Table 2
3736,Paper Product Wholesaling,373,2024,947.0,8.2,9.5,ABS 8165.0 DC02 Table 2
3739,Other Goods Wholesaling n.e.c.,373,2024,4325.0,10.8,12.8,ABS 8165.0 DC02 Table 2
3800,Commission-Based Wholesaling,380,2024,14994.0,24.0,19.1,ABS 8165.0 DC02 Table 2
3911,Car Retailing,391,2024,4865.0,14.1,12.5,ABS 8165.0 DC02 Table 2
3912,Motor Cycle Retailing,391,2024,593.0,7.1,11.0,ABS 8165.0 DC02 Table 2
3913,Trailer and Other Motor Vehicle Retailing,391,2024,545.0,13.3,12.9,ABS 8165.0 DC02 Table 2
3921,Motor Vehicle Parts Retailing,392,2024,2827.0,10.0,10.5,ABS 8165.0 DC02 Table 2
3922,Tyre Retailing,392,2024,2173.0,9.1,10.4,ABS 8165.0 DC02 Table 2
4000,Fuel Retailing,400,2024,3895.0,15.0,12.9,ABS 8165.0 DC02 Table 2
4110,Supermarket and Grocery Stores,411,2024,9647.0,18.5,15.8,ABS 8165.0 DC02 Table 2
4121,"Fresh Meat, Fish and Poultry Retailing",412,2024,4045.0,10.9,12.5,ABS 8165.0 DC02 Table 2
4122,Fruit and Vegetable Retailing,412,2024,2269.0,14.2,15.7,ABS 8165.0 DC02 Table 2
4123,Liquor Retailing,412,2024,2449.0,13.2,10.9,ABS 8165.0 DC02 Table 2
4129,Other Specialised Food Retailing,412,2024,7108.0,16.3,17.4,ABS 8165.0 DC02 Table 2
4211,Furniture Retailing,421,2024,3589.0,9.2,11.7,ABS 8165.0 DC02 Table 2
4212,Floor Coverings Retailing,421,2024,2008.0,8.2,10.3,ABS 8165.0 DC02 Table 2
4213,Houseware Retailing,421,2024,1801.0,10.3,17.7,ABS 8165.0 DC02 Table 2
4214,Manchester and Other Textile Goods Retailing,421,2024,1350.0,8.0,13.5,ABS 8165.0 DC02 Table 2
4221,"Electrical, Electronic and Gas Appliance Retailing",422,2024,4824.0,12.8,12.3,ABS 8165.0 DC02 Table 2
4222,Computer and Computer Peripheral Retailing,422,2024,2810.0,8.7,12.6,ABS 8165.0 DC02 Table 2
4229,Other Electrical and Electronic Goods Retailing,422,2024,1753.0,14.6,15.6,ABS 8165.0 DC02 Table 2
4231,Hardware and Building Supplies Retailing,423,2024,5929.0,10.5,11.3,ABS 8165.0 DC02 Table 2
4232,Garden Supplies Retailing,423,2024,2448.0,9.7,12.7,ABS 8165.0 DC02 Table 2
4241,Sport and Camping Equipment Retailing,424,2024,3996.0,12.8,13.1,ABS 8165.0 DC02 Table 2
4242,Entertainment Media Retailing,424,2024,634.0,15.0,13.7,ABS 8165.0 DC02 Table 2
4243,Toy and Game Retailing,424,2024,1726.0,17.7,17.9,ABS 8165.0 DC02 Table 2
4244,Newspaper and Book Retailing,424,2024,3078.0,7.3,12.3,ABS 8165.0 DC02 Table 2
4245,Marine Equipment Retailing,424,2024,889.0,8.6,9.7,ABS 8165.0 DC02 Table 2
4251,Clothing Retailing,425,2024,14715.0,19.1,19.8,ABS 8165.0 DC02 Table 2
4252,Footwear Retailing,425,2024,1167.0,10.7,13.9,ABS 8165.0 DC02 Table 2
4253,Watch and Jewellery Retailing,425,2024,2762.0,10.4,12.7,ABS 8165.0 DC02 Table 2
4259,Other Personal Accessory Retailing,425,2024,699.0,15.1,14.8,ABS 8165.0 DC02 Table 2
4260,Department Stores,426,2024,181.0,14.3,14.8,ABS 8165.0 DC02 Table 2
4271,"Pharmaceutical, Cosmetic and Toiletry Goods Retailing",427,2024,8831.0,10.8,9.2,ABS 8165.0 DC02 Table 2
4272,Stationery Goods Retailing,427,2024,813.0,8.4,13.1,ABS 8165.0 DC02 Table 2
4273,Antique and Used Goods Retailing,427,2024,2268.0,12.9,14.5,ABS 8165.0 DC02 Table 2
4274,Flower Retailing,427,2024,2802.0,14.1,17.2,ABS 8165.0 DC02 Table 2
4279,Other Store-Based Retailing n.e.c.,427,2024,15430.0,15.1,16.4,ABS 8165.0 DC02 Table 2
4310,Non-Store Retailing,431,2024,24433.0,25.6,22.6,ABS 8165.0 DC02 Table 2
4320,Retail Commission-Based Buying and/or Selling,432,2024,5433.0,19.4,20.4,ABS 8165.0 DC02 Table 2
4400,Accommodation,440,2024,14094.0,10.5,12.3,ABS 8165.0 DC02 Table 2
4511,Cafes and Restaurants,451,2024,55689.0,18.4,17.5,ABS 8165.0 DC02 Table 2
4512,Takeaway Food Services,451,2024,26256.0,23.3,18.6,ABS 8165.0 DC02 Table 2
4513,Catering Services,451,2024,5035.0,18.5,20.3,ABS 8165.0 DC02 Table 2
4520,"Pubs, Taverns and Bars",452,2024,6958.0,12.5,13.4,ABS 8165.0 DC02 Table 2
4530,Clubs (Hospitality),453,2024,3524.0,5.9,5.1,ABS 8165.0 DC02 Table 2
4610,Road Freight Transport,461,2024,62912.0,20.7,16.3,ABS 8165.0 DC02 Table 2
4621,Interurban and Rural Bus Transport,462,2024,635.0,10.6,9.8,ABS 8165.0 DC02 Table 2
4622,Urban Bus Transport (Including Tramway),462,2024,1959.0,9.0,11.3,ABS 8165.0 DC02 Table 2
4623,Taxi and Other Road Transport,462,2024,34924.0,22.2,21.8,ABS 8165.0 DC02 Table 2
4710,Rail Freight Transport,471,2024,49.0,15.1,22.6,ABS 8165.0 DC02 Table 2
4720,Rail Passenger Transport,472,2024,40.0,20.5,17.9,ABS 8165.0 DC02 Table 2
4810,Water Freight Transport,481,2024,372.0,12.4,12.1,ABS 8165.0 DC02 Table 2
4820,Water Passenger Transport,482,2024,336.0,16.9,11.6,ABS 8165.0 DC02 Table 2
4900,Air and Space Transport,490,2024,1468.0,13.3,11.8,ABS 8165.0 DC02 Table 2
5010,Scenic and Sightseeing Transport,501,2024,2610.0,13.2,12.3,ABS 8165.0 DC02 Table 2
5021,Pipeline Transport,502,2024,75.0,11.1,6.9,ABS 8165.0 DC02 Table 2
5029,Other Transport n.e.c.,502,2024,891.0,8.0,15.4,ABS 8165.0 DC02 Table 2
5101,Postal Services,510,2024,5205.0,15.5,18.9,ABS 8165.0 DC02 Table 2
5102,Courier Pick-up and Delivery Services,510,2024,54322.0,52.4,26.6,ABS 8165.0 DC02 Table 2
5211,Stevedoring Services,521,2024,119.0,16.1,15.3,ABS 8165.0 DC02 Table 2
5212,Port and Water Transport Terminal Operations,521,2024,171.0,11.3,9.5,ABS 8165.0 DC02 Table 2
5219,Other Water Transport Support Services,521,2024,879.0,15.4,13.9,ABS 8165.0 DC02 Table 2
5220,Airport Operations and Other Air Transport Support Services,522,2024,837.0,18.4,13.9,ABS 8165.0 DC02 Table 2
5291,Customs Agency Services,529,2024,650.0,11.5,10.6,ABS 8165.0 DC02 Table 2
5292,Freight Forwarding Services,529,2024,1126.0,10.6,9.1,ABS 8165.0 DC02 Table 2
5299,Other Transport Support Services n.e.c.,529,2024,65578.0,30.2,22.3,ABS 8165.0 DC02 Table 2
5301,Grain Storage Services,530,2024,116.0,10.4,9.6,ABS 8165.0 DC02 Table 2
5309,Other Warehousing and Storage Services,530,2024,2021.0,13.6,10.9,ABS 8165.0 DC02 Table 2
5411,Newspaper Publishing,541,2024,279.0,6.4,13.0,ABS 8165.0 DC02 Table 2
5412,Magazine and Other Periodical Publishing,541,2024,594.0,5.0,9.9,ABS 8165.0 DC02 Table 2
5413,Book Publishing,541,2024,892.0,9.4,12.6,ABS 8165.0 DC02 Table 2
5414,Directory and Mailing List Publishing,541,2024,50.0,16.7,24.1,ABS 8165.0 DC02 Table 2
5419,"Other Publishing (except Software, Music and Internet)",541,2024,171.0,12.4,11.8,ABS 8165.0 DC02 Table 2
5420,Software Publishing,542,2024,1312.0,18.7,14.5,ABS 8165.0 DC02 Table 2
5511,Motion Picture and Video Production,551,2024,8222.0,17.2,15.3,ABS 8165.0 DC02 Table 2
5512,Motion Picture and Video Distribution,551,2024,226.0,7.3,10.3,ABS 8165.0 DC02 Table 2
5513,Motion Picture Exhibition,551,2024,374.0,13.7,6.9,ABS 8165.0 DC02 Table 2
5514,Post-production Services and Other Motion Picture and Video Activities,551,2024,1086.0,16.7,15.3,ABS 8165.0 DC02 Table 2
5521,Music Publishing,552,2024,199.0,10.7,13.7,ABS 8165.0 DC02 Table 2
5522,Music and Other Sound Recording Activities,552,2024,1805.0,16.0,14.4,ABS 8165.0 DC02 Table 2
5610,Radio Broadcasting,561,2024,189.0,6.2,8.3,ABS 8165.0 DC02 Table 2
5621,Free-to-Air Television Broadcasting,562,2024,97.0,11.3,11.3,ABS 8165.0 DC02 Table 2
5622,Cable and Other Subscription Broadcasting,562,2024,70.0,3.8,14.1,ABS 8165.0 DC02 Table 2
5700,Internet Publishing and Broadcasting,570,2024,1811.0,15.4,16.1,ABS 8165.0 DC02 Table 2
5801,Wired Telecommunications Network Operation,580,2024,1418.0,15.3,15.4,ABS 8165.0 DC02 Table 2
5802,Other Telecommunications Network Operation,580,2024,685.0,18.3,16.2,ABS 8165.0 DC02 Table 2
5809,Other Telecommunications Services,580,2024,816.0,12.5,17.1,ABS 8165.0 DC02 Table 2
5910,Internet Service Providers and Web Search Portals,591,2024,1374.0,24.3,23.7,ABS 8165.0 DC02 Table 2
5921,Data Processing and Web Hosting Services,592,2024,2092.0,20.3,18.9,ABS 8165.0 DC02 Table 2
5922,Electronic Information Storage Services,592,2024,855.0,16.1,11.9,ABS 8165.0 DC02 Table 2
6010,Libraries and Archives,601,2024,97.0,9.3,9.3,ABS 8165.0 DC02 Table 2
6020,Other Information Services,602,2024,169.0,12.2,14.0,ABS 8165.0 DC02 Table 2
6221,Banking,622,2024,314.0,2.2,5.5,ABS 8165.0 DC02 Table 2
6222,Building Society Operation,622,2024,0.0,0.0,0.0,ABS 8165.0 DC02 Table 2
6223,Credit Union Operation,622,2024,3.0,0.0,0.0,ABS 8165.0 DC02 Table 2
6229,Other Depository Financial Intermediation,622,2024,943.0,14.2,11.1,ABS 8165.0 DC02 Table 2
6230,Non-Depository Financing,623,2024,3063.0,28.9,22.7,ABS 8165.0 DC02 Table 2
6240,Financial Asset Investing,624,2024,61074.0,17.5,11.8,ABS 8165.0 DC02 Table 2
6310,Life Insurance,631,2024,47.0,8.3,10.4,ABS 8165.0 DC02 Table 2
6321,Health Insurance,632,2024,121.0,7.4,8.2,ABS 8165.0 DC02 Table 2
6322,General Insurance,632,2024,204.0,23.9,13.0,ABS 8165.0 DC02 Table 2
6411,Financial Asset Broking Services,641,2024,10978.0,17.9,12.1,ABS 8165.0 DC02 Table 2
6419,Other Auxiliary Finance and Investment Services,641,2024,46897.0,16.6,12.5,ABS 8165.0 DC02 Table 2
6420,Auxiliary Insurance Services,642,2024,5317.0,10.2,10.6,ABS 8165.0 DC02 Table 2
6611,Passenger Car Rental and Hiring,661,2024,3483.0,32.1,17.6,ABS 8165.0 DC02 Table 2
6619,Other Motor Vehicle and Transport Equipment Rental and Hiring,661,2024,4347.0,16.2,13.0,ABS 8165.0 DC02 Table 2
6620,Farm Animal and Bloodstock Leasing,662,2024,104.0,15.2,10.1,ABS 8165.0 DC02 Table 2
6631,Heavy Machinery and Scaffolding Rental and Hiring,663,2024,11240.0,16.0,11.3,ABS 8165.0 DC02 Table 2
6632,Video and Other Electronic Media Rental and Hiring,663,2024,386.0,7.1,12.5,ABS 8165.0 DC02 Table 2
6639,Other Goods and Equipment Rental and Hiring n.e.c.,663,2024,7971.0,11.8,12.9,ABS 8165.0 DC02 Table 2
6640,Non-Financial Intangible Assets (Except Copyrights) Leasing,664,2024,3893.0,15.6,15.7,ABS 8165.0 DC02 Table 2
6711,Residential Property Operators,671,2024,56824.0,10.0,8.1,ABS 8165.0 DC02 Table 2
6712,Non-Residential Property Operators,671,2024,165673.0,12.2,8.7,ABS 8165.0 DC02 Table 2
6720,Real Estate Services,672,2024,44945.0,13.9,12.1,ABS 8165.0 DC02 Table 2
6910,Scientific Research Services,691,2024,5930.0,17.2,14.8,ABS 8165.0 DC02 Table 2
6921,Architectural Services,692,2024,13396.0,10.0,10.3,ABS 8165.0 DC02 Table 2
6922,Surveying and Mapping Services,692,2024,3653.0,9.7,10.5,ABS 8165.0 DC02 Table 2
6923,Engineering Design and Engineering Consulting Services,692,2024,46883.0,17.3,13.5,ABS 8165.0 DC02 Table 2
6924,Other Specialised Design Services,692,2024,17317.0,14.5,14.3,ABS 8165.0 DC02 Table 2
6925,Scientific Testing and Analysis Services,692,2024,3501.0,14.7,12.3,ABS 8165.0 DC02 Table 2
6931,Legal Services,693,2024,23673.0,9.5,9.0,ABS 8165.0 DC02 Table 2
6932,Accounting Services,693,2024,36606.0,10.3,9.7,ABS 8165.0 DC02 Table 2
6940,Advertising Services,694,2024,13205.0,19.8,17.0,ABS 8165.0 DC02 Table 2
6950,Market Research and Statistical Services,695,2024,2690.0,14.3,15.3,ABS 8165.0 DC02 Table 2
6961,Corporate Head Office Management Services,696,2024,629.0,14.0,6.7,ABS 8165.0 DC02 Table 2
6962,Management Advice and Related Consulting Services,696,2024,99420.0,20.6,16.1,ABS 8165.0 DC02 Table 2
6970,Veterinary Services,697,2024,3748.0,10.2,8.7,ABS 8165.0 DC02 Table 2
6991,Professional Photographic Services,699,2024,9287.0,16.8,14.3,ABS 8165.0 DC02 Table 2
6999,"Other Professional, Scientific and Technical Services n.e.c.",699,2024,2401.0,13.7,14.6,ABS 8165.0 DC02 Table 2
7000,Computer System Design and Related Services,700,2024,62245.0,17.1,14.5,ABS 8165.0 DC02 Table 2
7211,Employment Placement and Recruitment Services,721,2024,8651.0,17.4,14.5,ABS 8165.0 DC02 Table 2
7212,Labour Supply Services,721,2024,13821.0,26.7,23.0,ABS 8165.0 DC02 Table 2
7220,Travel Agency and Tour Arrangement Services,722,2024,8795.0,17.8,14.7,ABS 8165.0 DC02 Table 2
7291,Office Administrative Services,729,2024,13029.0,15.9,12.6,ABS 8165.0 DC02 Table 2
7292,Document Preparation Services,729,2024,1029.0,13.9,19.2,ABS 8165.0 DC02 Table 2
7293,Credit Reporting and Debt Collection Services,729,2024,700.0,15.0,15.9,ABS 8165.0 DC02 Table 2
7294,Call Centre Operation,729,2024,386.0,15.4,19.6,ABS 8165.0 DC02 Table 2
7299,Other Administrative Services n.e.c.,729,2024,12620.0,20.1,18.4,ABS 8165.0 DC02 Table 2
7311,Building and Other Industrial Cleaning Services,731,2024,43880.0,25.8,22.6,ABS 8165.0 DC02 Table 2
7312,Building Pest Control Services,731,2024,2900.0,10.7,11.6,ABS 8165.0 DC02 Table 2
7313,Gardening Services,731,2024,17073.0,17.9,16.1,ABS 8165.0 DC02 Table 2
7320,Packaging Services,732,2024,1054.0,17.0,16.6,ABS 8165.0 DC02 Table 2
7510,Central Government Administration,751,2024,63.0,81.1,10.8,ABS 8165.0 DC02 Table 2
7520,State Government Administration,752,2024,33.0,38.5,11.5,ABS 8165.0 DC02 Table 2
7530,Local Government Administration,753,2024,54.0,10.9,12.7,ABS 8165.0 DC02 Table 2
7540,Justice,754,2024,84.0,46.4,24.6,ABS 8165.0 DC02 Table 2
7551,Domestic Government Representation,755,2024,5.0,20.0,20.0,ABS 8165.0 DC02 Table 2
7552,Foreign Government Representation,755,2024,21.0,52.9,29.4,ABS 8165.0 DC02 Table 2
7600,Defence,760,2024,58.0,31.9,8.5,ABS 8165.0 DC02 Table 2
7712,Investigation and Security Services,771,2024,6462.0,17.8,17.4,ABS 8165.0 DC02 Table 2
7714,Correctional and Detention Services,771,2024,14.0,0.0,6.7,ABS 8165.0 DC02 Table 2
7719,Other Public Order and Safety Services,771,2024,616.0,23.3,23.1,ABS 8165.0 DC02 Table 2
7720,Regulatory Services,772,2024,230.0,22.7,11.6,ABS 8165.0 DC02 Table 2
8010,Preschool Education,801,2024,1806.0,7.7,5.6,ABS 8165.0 DC02 Table 2
8021,Primary Education,802,2024,422.0,3.5,3.8,ABS 8165.0 DC02 Table 2
8022,Secondary Education,802,2024,282.0,5.3,5.3,ABS 8165.0 DC02 Table 2
8023,Combined Primary and Secondary Education,802,2024,590.0,3.2,4.7,ABS 8165.0 DC02 Table 2
8024,Special School Education,802,2024,160.0,15.2,9.3,ABS 8165.0 DC02 Table 2
8101,Technical and Vocational Education and Training,810,2024,9962.0,16.1,14.7,ABS 8165.0 DC02 Table 2
8102,Higher Education,810,2024,695.0,19.4,13.1,ABS 8165.0 DC02 Table 2
8211,Sports and Physical Recreation Instruction,821,2024,7519.0,18.8,14.8,ABS 8165.0 DC02 Table 2
8212,Arts Education,821,2024,4294.0,17.9,14.8,ABS 8165.0 DC02 Table 2
8219,"Adult, Community and Other Education n.e.c.",821,2024,15070.0,19.3,16.2,ABS 8165.0 DC02 Table 2
8220,Educational Support Services,822,2024,1265.0,17.9,15.2,ABS 8165.0 DC02 Table 2
8401,Hospitals (Except Psychiatric Hospitals),840,2024,1003.0,8.8,9.4,ABS 8165.0 DC02 Table 2
8402,Psychiatric Hospitals,840,2024,59.0,17.6,2.0,ABS 8165.0 DC02 Table 2
8511,General Practice Medical Services,851,2024,51063.0,10.9,8.0,ABS 8165.0 DC02 Table 2
8512,Specialist Medical Services,851,2024,23406.0,11.7,6.6,ABS 8165.0 DC02 Table 2
8520,Pathology and Diagnostic Imaging Services,852,2024,3188.0,16.0,9.6,ABS 8165.0 DC02 Table 2
8531,Dental Services,853,2024,19717.0,11.7,8.2,ABS 8165.0 DC02 Table 2
8532,Optometry and Optical Dispensing,853,2024,3384.0,9.7,9.1,ABS 8165.0 DC02 Table 2
8533,Physiotherapy Services,853,2024,9039.0,15.6,9.5,ABS 8165.0 DC02 Table 2
8534,Chiropractic and Osteopathic Services,853,2024,6439.0,10.3,8.3,ABS 8165.0 DC02 Table 2
8539,Other Allied Health Services,853,2024,40522.0,21.7,11.5,ABS 8165.0 DC02 Table 2
8591,Ambulance Services,859,2024,39.0,22.2,13.9,ABS 8165.0 DC02 Table 2
8599,Other Health Care Services n.e.c.,859,2024,2838.0,24.4,15.6,ABS 8165.0 DC02 Table 2
8601,Aged Care Residential Services,860,2024,1872.0,9.2,7.7,ABS 8165.0 DC02 Table 2
8609,Other Residential Care Services,860,2024,1115.0,12.5,8.5,ABS 8165.0 DC02 Table 2
8710,Child Care Services,871,2024,11050.0,14.5,16.3,ABS 8165.0 DC02 Table 2
8790,Other Social Assistance Services,879,2024,25262.0,54.4,20.7,ABS 8165.0 DC02 Table 2
8910,Museum Operation,891,2024,181.0,9.7,11.9,ABS 8165.0 DC02 Table 2
8921,Zoological and Botanical Gardens Operation,892,2024,160.0,15.7,11.1,ABS 8165.0 DC02 Table 2
8922,Nature Reserves and Conservation Parks Operation,892,2024,178.0,16.2,9.6,ABS 8165.0 DC02 Table 2
9001,Performing Arts Operation,900,2024,2313.0,20.5,16.3,ABS 8165.0 DC02 Table 2
9002,"Creative Artists, Musicians, Writers and Performers",900,2024,17041.0,18.9,17.8,ABS 8165.0 DC02 Table 2
9003,Performing Arts Venue Operation,900,2024,931.0,17.7,17.3,ABS 8165.0 DC02 Table 2
9111,Health and Fitness Centres and Gymnasia Operation,911,2024,7594.0,18.2,14.3,ABS 8165.0 DC02 Table 2
9112,Sports and Physical Recreation Clubs and Sports Professionals,911,2024,2244.0,19.2,13.6,ABS 8165.0 DC02 Table 2
9113,"Sports and Physical Recreation Venues, Grounds and Facilities Operation",911,2024,1494.0,12.6,13.0,ABS 8165.0 DC02 Table 2
9114,Sports and Physical Recreation Administrative Service,911,2024,491.0,15.0,11.2,ABS 8165.0 DC02 Table 2
9121,Horse and Dog Racing Administration and Track Operation,912,2024,87.0,13.5,15.7,ABS 8165.0 DC02 Table 2
9129,Other Horse and Dog Racing Activities,912,2024,2029.0,12.3,11.5,ABS 8165.0 DC02 Table 2
9131,Amusement Parks and Centres Operation,913,2024,1130.0,14.1,11.1,ABS 8165.0 DC02 Table 2
9139,Amusement and Other Recreational Activities n.e.c.,913,2024,1355.0,15.7,12.2,ABS 8165.0 DC02 Table 2
9201,Casino Operation,920,2024,15.0,0.0,11.8,ABS 8165.0 DC02 Table 2
9202,Lottery Operation,920,2024,467.0,20.0,13.9,ABS 8165.0 DC02 Table 2
9209,Other Gambling Activities,920,2024,732.0,10.9,16.1,ABS 8165.0 DC02 Table 2
9411,Automotive Electrical Services,941,2024,3551.0,12.0,9.8,ABS 8165.0 DC02 Table 2
9412,"Automotive Body, Paint and Interior Repair",941,2024,14081.0,17.5,15.4,ABS 8165.0 DC02 Table 2
9419,Other Automotive Repair and Maintenance,941,2024,28262.0,14.4,11.7,ABS 8165.0 DC02 Table 2
9421,Domestic Appliance Repair and Maintenance,942,2024,2509.0,10.0,10.0,ABS 8165.0 DC02 Table 2
9422,Electronic (except Domestic Appliance) and Precision Equipment Repair,942,2024,3637.0,10.8,13.0,ABS 8165.0 DC02 Table 2
9429,Other Machinery and Equipment Repair and Maintenance,942,2024,12799.0,15.1,11.8,ABS 8165.0 DC02 Table 2
9491,Clothing and Footwear Repair,949,2024,762.0,11.4,14.9,ABS 8165.0 DC02 Table 2
9499,Other Repair and Maintenance n.e.c.,949,2024,2425.0,11.3,11.6,ABS 8165.0 DC02 Table 2
9511,Hairdressing and Beauty Services,951,2024,36436.0,19.5,17.3,ABS 8165.0 DC02 Table 2
9512,Diet and Weight Reduction Centre Operation,951,2024,267.0,21.3,19.8,ABS 8165.0 DC02 Table 2
9520,"Funeral, Crematorium and Cemetery Services",952,2024,976.0,10.5,8.3,ABS 8165.0 DC02 Table 2
9531,Laundry and Dry-Cleaning Services,953,2024,4985.0,20.7,18.4,ABS 8165.0 DC02 Table 2
9532,Photographic Film Processing,953,2024,413.0,12.1,16.0,ABS 8165.0 DC02 Table 2
9533,Parking Services,953,2024,341.0,12.7,9.4,ABS 8165.0 DC02 Table 2
9534,Brothel Keeping and Prostitution Services,953,2024,372.0,21.7,32.9,ABS 8165.0 DC02 Table 2
9539,Other Personal Services n.e.c.,953,2024,19233.0,23.7,19.1,ABS 8165.0 DC02 Table 2
9999,Currently Unknown,999,2024,1780.0,,,ABS 8165.0 DC02 Table 2
