division,subdivision_code,subdivision_name,year,wages_m,iva_m,employment_000,labour_share_pct,data_source
"Agriculture, forestry and fishing",01,Agriculture,2022,7012.0,31471.0,350.7,22.28,ABS 8155.0 DO001
"Agriculture, forestry and fishing",01,Agriculture,2023,7581.0,32928.0,342.9,23.02,ABS 8155.0 DO001
"Agriculture, forestry and fishing",01,Agriculture,2024,8168.0,24976.0,337.1,32.7,ABS 8155.0 DO001
"Agriculture, forestry and fishing",02,Aquaculture,2022,456.0,829.0,7.1,55.01,ABS 8155.0 DO001
"Agriculture, forestry and fishing",02,Aquaculture,2023,501.0,798.0,7.3,62.78,ABS 8155.0 DO001
"Agriculture, forestry and fishing",02,Aquaculture,2024,519.0,811.0,7.5,64.0,ABS 8155.0 DO001
"Agriculture, forestry and fishing",03,Forestry and logging,2022,622.0,1403.0,10.2,44.33,ABS 8155.0 DO001
"Agriculture, forestry and fishing",03,Forestry and logging,2023,617.0,1543.0,10.4,39.99,ABS 8155.0 DO001
"Agriculture, forestry and fishing",03,Forestry and logging,2024,690.0,1600.0,10.2,43.12,ABS 8155.0 DO001
"Agriculture, forestry and fishing",04,"Fishing, hunting and trapping",2022,281.0,900.0,9.9,31.22,ABS 8155.0 DO001
"Agriculture, forestry and fishing",04,"Fishing, hunting and trapping",2023,307.0,953.0,9.9,32.21,ABS 8155.0 DO001
"Agriculture, forestry and fishing",04,"Fishing, hunting and trapping",2024,301.0,992.0,9.4,30.34,ABS 8155.0 DO001
"Agriculture, forestry and fishing",05,"Agriculture, forestry and fishing support services",2022,1685.0,4178.0,48.2,40.33,ABS 8155.0 DO001
"Agriculture, forestry and fishing",05,"Agriculture, forestry and fishing support services",2023,1910.0,5044.0,48.3,37.87,ABS 8155.0 DO001
"Agriculture, forestry and fishing",05,"Agriculture, forestry and fishing support services",2024,1993.0,4678.0,46.7,42.6,ABS 8155.0 DO001
"Agriculture, forestry and fishing",05,"Agriculture, forestry and fishing support services",2022,10055.0,38780.0,426.1,25.93,ABS 8155.0 DO001
"Agriculture, forestry and fishing",05,"Agriculture, forestry and fishing support services",2023,10916.0,41265.0,418.7,26.45,ABS 8155.0 DO001
"Agriculture, forestry and fishing",05,"Agriculture, forestry and fishing support services",2024,11672.0,33057.0,411.0,35.31,ABS 8155.0 DO001
Mining,06,Coal mining,2022,6156.0,63579.0,38.9,9.68,ABS 8155.0 DO001
Mining,06,Coal mining,2023,6832.0,99336.0,42.5,6.88,ABS 8155.0 DO001
Mining,06,Coal mining,2024,7810.0,59446.0,45.9,13.14,ABS 8155.0 DO001
Mining,07,Oil and gas extraction,2022,3553.0,57897.0,17.6,6.14,ABS 8155.0 DO001
Mining,07,Oil and gas extraction,2023,4034.0,98627.0,18.2,4.09,ABS 8155.0 DO001
Mining,07,Oil and gas extraction,2024,4412.0,83344.0,19.4,5.29,ABS 8155.0 DO001
Mining,08,Metal ore mining,2022,13675.0,151352.0,87.3,9.04,ABS 8155.0 DO001
Mining,08,Metal ore mining,2023,15506.0,132559.0,94.2,11.7,ABS 8155.0 DO001
Mining,08,Metal ore mining,2024,16985.0,144002.0,101.0,11.79,ABS 8155.0 DO001
Mining,09,Non-metallic mineral mining and quarrying,2022,1336.0,4770.0,13.0,28.01,ABS 8155.0 DO001
Mining,09,Non-metallic mineral mining and quarrying,2023,1492.0,14202.0,14.8,10.51,ABS 8155.0 DO001
Mining,09,Non-metallic mineral mining and quarrying,2024,1630.0,15186.0,15.7,10.73,ABS 8155.0 DO001
Mining,10,Exploration and other mining support services,2022,6048.0,8364.0,45.1,72.31,ABS 8155.0 DO001
Mining,10,Exploration and other mining support services,2023,6587.0,8374.0,49.0,78.66,ABS 8155.0 DO001
Mining,10,Exploration and other mining support services,2024,7551.0,10267.0,52.7,73.55,ABS 8155.0 DO001
Mining,10,Exploration and other mining support services,2022,30768.0,285962.0,201.9,10.76,ABS 8155.0 DO001
Mining,10,Exploration and other mining support services,2023,34451.0,353098.0,218.7,9.76,ABS 8155.0 DO001
Mining,10,Exploration and other mining support services,2024,38388.0,312246.0,234.7,12.29,ABS 8155.0 DO001
Manufacturing,11,Food product manufacturing,2022,12891.0,23295.0,202.8,55.34,ABS 8155.0 DO001
Manufacturing,11,Food product manufacturing,2023,14428.0,25063.0,213.4,57.57,ABS 8155.0 DO001
Manufacturing,11,Food product manufacturing,2024,15606.0,28880.0,224.5,54.04,ABS 8155.0 DO001
Manufacturing,12,Beverage and tobacco product manufacturing,2022,2451.0,5303.0,35.4,46.22,ABS 8155.0 DO001
Manufacturing,12,Beverage and tobacco product manufacturing,2023,2854.0,5248.0,38.6,54.38,ABS 8155.0 DO001
Manufacturing,12,Beverage and tobacco product manufacturing,2024,3018.0,5752.0,40.5,52.47,ABS 8155.0 DO001
Manufacturing,13,"Textile, leather, clothing and footwear manufacturing",2022,1363.0,2627.0,29.8,51.88,ABS 8155.0 DO001
Manufacturing,13,"Textile, leather, clothing and footwear manufacturing",2023,1458.0,2677.0,28.3,54.46,ABS 8155.0 DO001
Manufacturing,13,"Textile, leather, clothing and footwear manufacturing",2024,1452.0,2586.0,27.3,56.15,ABS 8155.0 DO001
Manufacturing,14,Wood product manufacturing,2022,2726.0,5712.0,47.5,47.72,ABS 8155.0 DO001
Manufacturing,14,Wood product manufacturing,2023,3009.0,6911.0,48.0,43.54,ABS 8155.0 DO001
Manufacturing,14,Wood product manufacturing,2024,3253.0,6375.0,47.1,51.03,ABS 8155.0 DO001
Manufacturing,15,"Pulp, paper and converted paper product manufacturing",2022,1548.0,2607.0,15.7,59.38,ABS 8155.0 DO001
Manufacturing,15,"Pulp, paper and converted paper product manufacturing",2023,1730.0,2881.0,15.3,60.05,ABS 8155.0 DO001
Manufacturing,15,"Pulp, paper and converted paper product manufacturing",2024,1638.0,2845.0,15.1,57.57,ABS 8155.0 DO001
Manufacturing,16,Printing (including the reproduction of recorded media),2022,1736.0,2603.0,27.3,66.69,ABS 8155.0 DO001
Manufacturing,16,Printing (including the reproduction of recorded media),2023,1726.0,2939.0,26.2,58.73,ABS 8155.0 DO001
Manufacturing,16,Printing (including the reproduction of recorded media),2024,1726.0,2732.0,26.0,63.18,ABS 8155.0 DO001
Manufacturing,17,Petroleum and coal product manufacturing,2022,435.0,966.0,3.7,45.03,ABS 8155.0 DO001
Manufacturing,17,Petroleum and coal product manufacturing,2023,466.0,1994.0,3.9,23.37,ABS 8155.0 DO001
Manufacturing,17,Petroleum and coal product manufacturing,2024,464.0,1526.0,3.7,30.41,ABS 8155.0 DO001
Manufacturing,18,Basic chemical and chemical product manufacturing,2022,4990.0,11766.0,49.0,42.41,ABS 8155.0 DO001
Manufacturing,18,Basic chemical and chemical product manufacturing,2023,5379.0,11641.0,50.3,46.21,ABS 8155.0 DO001
Manufacturing,18,Basic chemical and chemical product manufacturing,2024,5655.0,9914.0,50.3,57.04,ABS 8155.0 DO001
Manufacturing,19,Polymer product and rubber product manufacturing,2022,2854.0,5190.0,39.0,54.99,ABS 8155.0 DO001
Manufacturing,19,Polymer product and rubber product manufacturing,2023,3176.0,5959.0,40.4,53.3,ABS 8155.0 DO001
Manufacturing,19,Polymer product and rubber product manufacturing,2024,3181.0,5843.0,40.0,54.44,ABS 8155.0 DO001
Manufacturing,20,Non-metallic mineral product manufacturing,2022,3474.0,7222.0,41.7,48.1,ABS 8155.0 DO001
Manufacturing,20,Non-metallic mineral product manufacturing,2023,3708.0,7743.0,44.1,47.89,ABS 8155.0 DO001
Manufacturing,20,Non-metallic mineral product manufacturing,2024,4066.0,8669.0,43.5,46.9,ABS 8155.0 DO001
Manufacturing,21,Primary metal and metal product manufacturing,2022,4618.0,12619.0,42.5,36.6,ABS 8155.0 DO001
Manufacturing,21,Primary metal and metal product manufacturing,2023,4672.0,11137.0,43.0,41.95,ABS 8155.0 DO001
Manufacturing,21,Primary metal and metal product manufacturing,2024,4795.0,9427.0,42.4,50.86,ABS 8155.0 DO001
Manufacturing,22,Fabricated metal product manufacturing,2022,7685.0,13530.0,114.5,56.8,ABS 8155.0 DO001
Manufacturing,22,Fabricated metal product manufacturing,2023,7800.0,14036.0,110.6,55.57,ABS 8155.0 DO001
Manufacturing,22,Fabricated metal product manufacturing,2024,8069.0,14291.0,109.7,56.46,ABS 8155.0 DO001
Manufacturing,23,Transport equipment manufacturing,2022,5778.0,10465.0,71.1,55.21,ABS 8155.0 DO001
Manufacturing,23,Transport equipment manufacturing,2023,6950.0,11897.0,84.5,58.42,ABS 8155.0 DO001
Manufacturing,23,Transport equipment manufacturing,2024,7847.0,13125.0,88.0,59.79,ABS 8155.0 DO001
Manufacturing,24,Machinery and equipment manufacturing,2022,9188.0,16283.0,106.3,56.43,ABS 8155.0 DO001
Manufacturing,24,Machinery and equipment manufacturing,2023,10166.0,18755.0,109.3,54.2,ABS 8155.0 DO001
Manufacturing,24,Machinery and equipment manufacturing,2024,10654.0,19012.0,106.7,56.04,ABS 8155.0 DO001
Manufacturing,25,Furniture and other manufacturing,2022,1897.0,3774.0,39.0,50.26,ABS 8155.0 DO001
Manufacturing,25,Furniture and other manufacturing,2023,1984.0,3713.0,36.8,53.43,ABS 8155.0 DO001
Manufacturing,25,Furniture and other manufacturing,2024,2099.0,3775.0,36.8,55.6,ABS 8155.0 DO001
Manufacturing,25,Furniture and other manufacturing,2022,63633.0,123963.0,865.2,51.33,ABS 8155.0 DO001
Manufacturing,25,Furniture and other manufacturing,2023,69506.0,132593.0,892.7,52.42,ABS 8155.0 DO001
Manufacturing,25,Furniture and other manufacturing,2024,73524.0,134752.0,901.7,54.56,ABS 8155.0 DO001
"Electricity, gas, water and waste services",26,Electricity supply,2022,6867.0,25103.0,50.7,27.36,ABS 8155.0 DO001
"Electricity, gas, water and waste services",26,Electricity supply,2023,7338.0,26521.0,54.6,27.67,ABS 8155.0 DO001
"Electricity, gas, water and waste services",26,Electricity supply,2024,8409.0,29847.0,59.9,28.17,ABS 8155.0 DO001
"Electricity, gas, water and waste services",27,Gas supply,2022,299.0,2347.0,2.9,12.74,ABS 8155.0 DO001
"Electricity, gas, water and waste services",27,Gas supply,2023,316.0,3183.0,3.1,9.93,ABS 8155.0 DO001
"Electricity, gas, water and waste services",27,Gas supply,2024,331.0,3026.0,3.3,10.94,ABS 8155.0 DO001
"Electricity, gas, water and waste services",28,"Water supply, sewerage and drainage services",2022,3528.0,14309.0,33.3,24.66,ABS 8155.0 DO001
"Electricity, gas, water and waste services",28,"Water supply, sewerage and drainage services",2023,3804.0,14684.0,33.7,25.91,ABS 8155.0 DO001
"Electricity, gas, water and waste services",28,"Water supply, sewerage and drainage services",2024,4165.0,15974.0,37.1,26.07,ABS 8155.0 DO001
"Electricity, gas, water and waste services",29,"Waste collection, treatment and disposal services",2022,3207.0,6673.0,43.3,48.06,ABS 8155.0 DO001
"Electricity, gas, water and waste services",29,"Waste collection, treatment and disposal services",2023,3492.0,7003.0,43.4,49.86,ABS 8155.0 DO001
"Electricity, gas, water and waste services",29,"Waste collection, treatment and disposal services",2024,3655.0,7207.0,42.2,50.71,ABS 8155.0 DO001
"Electricity, gas, water and waste services",29,"Waste collection, treatment and disposal services",2022,13900.0,48433.0,130.2,28.7,ABS 8155.0 DO001
"Electricity, gas, water and waste services",29,"Waste collection, treatment and disposal services",2023,14950.0,51390.0,134.8,29.09,ABS 8155.0 DO001
"Electricity, gas, water and waste services",29,"Waste collection, treatment and disposal services",2024,16560.0,56054.0,142.5,29.54,ABS 8155.0 DO001
Construction,30,Building construction,2022,16415.0,34797.0,239.7,47.17,ABS 8155.0 DO001
Construction,30,Building construction,2023,18657.0,39149.0,247.5,47.66,ABS 8155.0 DO001
Construction,30,Building construction,2024,20327.0,41829.0,254.5,48.6,ABS 8155.0 DO001
Construction,31,Heavy and civil engineering construction,2022,16567.0,24096.0,134.7,68.75,ABS 8155.0 DO001
Construction,31,Heavy and civil engineering construction,2023,18452.0,28129.0,142.4,65.6,ABS 8155.0 DO001
Construction,31,Heavy and civil engineering construction,2024,20055.0,32839.0,153.7,61.07,ABS 8155.0 DO001
Construction,32,Construction services,2022,43804.0,82854.0,853.2,52.87,ABS 8155.0 DO001
Construction,32,Construction services,2023,48997.0,95789.0,841.6,51.15,ABS 8155.0 DO001
Construction,32,Construction services,2024,53545.0,102479.0,882.5,52.25,ABS 8155.0 DO001
Construction,32,Construction services,2022,76785.0,141746.0,1227.6,54.17,ABS 8155.0 DO001
Construction,32,Construction services,2023,86107.0,163067.0,1231.5,52.8,ABS 8155.0 DO001
Construction,32,Construction services,2024,93927.0,177146.0,1290.7,53.02,ABS 8155.0 DO001
Wholesale trade,33,Basic material wholesaling,2022,8870.0,21111.0,124.5,42.02,ABS 8155.0 DO001
Wholesale trade,33,Basic material wholesaling,2023,9454.0,25674.0,118.6,36.82,ABS 8155.0 DO001
Wholesale trade,33,Basic material wholesaling,2024,10285.0,25564.0,128.3,40.23,ABS 8155.0 DO001
Wholesale trade,34,Machinery and equipment wholesaling,2022,17035.0,29674.0,175.9,57.41,ABS 8155.0 DO001
Wholesale trade,34,Machinery and equipment wholesaling,2023,18706.0,34736.0,182.9,53.85,ABS 8155.0 DO001
Wholesale trade,34,Machinery and equipment wholesaling,2024,19787.0,37922.0,186.6,52.18,ABS 8155.0 DO001
Wholesale trade,35,Motor vehicle and motor vehicle parts wholesaling,2022,3789.0,8463.0,47.5,44.77,ABS 8155.0 DO001
Wholesale trade,35,Motor vehicle and motor vehicle parts wholesaling,2023,4162.0,9412.0,54.4,44.22,ABS 8155.0 DO001
Wholesale trade,35,Motor vehicle and motor vehicle parts wholesaling,2024,4473.0,10141.0,53.0,44.11,ABS 8155.0 DO001
Wholesale trade,36,"Grocery, liquor and tobacco product wholesaling",2022,5851.0,10767.0,99.1,54.34,ABS 8155.0 DO001
Wholesale trade,36,"Grocery, liquor and tobacco product wholesaling",2023,6590.0,12736.0,99.1,51.74,ABS 8155.0 DO001
Wholesale trade,36,"Grocery, liquor and tobacco product wholesaling",2024,6823.0,13380.0,95.4,50.99,ABS 8155.0 DO001
Wholesale trade,37,Other goods wholesaling,2022,8135.0,14411.0,110.8,56.45,ABS 8155.0 DO001
Wholesale trade,37,Other goods wholesaling,2023,8608.0,16439.0,108.5,52.36,ABS 8155.0 DO001
Wholesale trade,37,Other goods wholesaling,2024,8957.0,17361.0,109.2,51.59,ABS 8155.0 DO001
Wholesale trade,38,Commission-based wholesaling,2022,1754.0,4039.0,30.2,43.43,ABS 8155.0 DO001
Wholesale trade,38,Commission-based wholesaling,2023,1922.0,4721.0,31.8,40.71,ABS 8155.0 DO001
Wholesale trade,38,Commission-based wholesaling,2024,1936.0,4757.0,31.7,40.7,ABS 8155.0 DO001
Wholesale trade,38,Commission-based wholesaling,2022,45435.0,88465.0,588.0,51.36,ABS 8155.0 DO001
Wholesale trade,38,Commission-based wholesaling,2023,49442.0,103718.0,595.3,47.67,ABS 8155.0 DO001
Wholesale trade,38,Commission-based wholesaling,2024,52260.0,109126.0,604.2,47.89,ABS 8155.0 DO001
Retail trade,39,Motor vehicle and motor vehicle parts retailing,2022,7173.0,14188.0,108.5,50.56,ABS 8155.0 DO001
Retail trade,39,Motor vehicle and motor vehicle parts retailing,2023,7918.0,15662.0,117.0,50.56,ABS 8155.0 DO001
Retail trade,39,Motor vehicle and motor vehicle parts retailing,2024,8489.0,16363.0,119.0,51.88,ABS 8155.0 DO001
Retail trade,40,Fuel retailing,2022,1474.0,3757.0,39.1,39.23,ABS 8155.0 DO001
Retail trade,40,Fuel retailing,2023,1768.0,4399.0,48.0,40.19,ABS 8155.0 DO001
Retail trade,40,Fuel retailing,2024,2054.0,4591.0,56.1,44.74,ABS 8155.0 DO001
Retail trade,41,Food retailing,2022,17120.0,28803.0,495.9,59.44,ABS 8155.0 DO001
Retail trade,41,Food retailing,2023,18576.0,32210.0,519.8,57.67,ABS 8155.0 DO001
Retail trade,41,Food retailing,2024,19204.0,34076.0,514.1,56.36,ABS 8155.0 DO001
Retail trade,42,Other store-based retailing,2022,28054.0,50357.0,719.0,55.71,ABS 8155.0 DO001
Retail trade,42,Other store-based retailing,2023,31315.0,58873.0,731.7,53.19,ABS 8155.0 DO001
Retail trade,42,Other store-based retailing,2024,33111.0,62357.0,754.2,53.1,ABS 8155.0 DO001
Retail trade,43,Non-store retailing and retail commission-based buying and/or selling,2022,2661.0,5621.0,57.9,47.34,ABS 8155.0 DO001
Retail trade,43,Non-store retailing and retail commission-based buying and/or selling,2023,3163.0,6404.0,62.7,49.39,ABS 8155.0 DO001
Retail trade,43,Non-store retailing and retail commission-based buying and/or selling,2024,3305.0,6652.0,66.2,49.68,ABS 8155.0 DO001
Retail trade,43,Non-store retailing and retail commission-based buying and/or selling,2022,56482.0,102726.0,1420.4,54.98,ABS 8155.0 DO001
Retail trade,43,Non-store retailing and retail commission-based buying and/or selling,2023,62740.0,117548.0,1479.3,53.37,ABS 8155.0 DO001
Retail trade,43,Non-store retailing and retail commission-based buying and/or selling,2024,66163.0,124038.0,1509.6,53.34,ABS 8155.0 DO001
Accommodation and food services,44,Accommodation,2022,4528.0,7321.0,124.5,61.85,ABS 8155.0 DO001
Accommodation and food services,44,Accommodation,2023,5705.0,10697.0,136.1,53.33,ABS 8155.0 DO001
Accommodation and food services,44,Accommodation,2024,6367.0,12133.0,131.3,52.48,ABS 8155.0 DO001
Accommodation and food services,45,Food and beverage services,2022,25722.0,38636.0,939.0,66.58,ABS 8155.0 DO001
Accommodation and food services,45,Food and beverage services,2023,31374.0,49690.0,1065.0,63.14,ABS 8155.0 DO001
Accommodation and food services,45,Food and beverage services,2024,32700.0,51303.0,1086.7,63.74,ABS 8155.0 DO001
Accommodation and food services,45,Food and beverage services,2022,30250.0,45957.0,1063.6,65.82,ABS 8155.0 DO001
Accommodation and food services,45,Food and beverage services,2023,37078.0,60387.0,1201.1,61.4,ABS 8155.0 DO001
Accommodation and food services,45,Food and beverage services,2024,39067.0,63436.0,1217.9,61.58,ABS 8155.0 DO001
"Transport, postal and warehousing",46,Road transport,2022,16677.0,30728.0,298.7,54.27,ABS 8155.0 DO001
"Transport, postal and warehousing",46,Road transport,2023,18263.0,32000.0,301.3,57.07,ABS 8155.0 DO001
"Transport, postal and warehousing",46,Road transport,2024,18513.0,32305.0,291.0,57.31,ABS 8155.0 DO001
"Transport, postal and warehousing",47,Rail transport,2022,5472.0,8768.0,42.2,62.41,ABS 8155.0 DO001
"Transport, postal and warehousing",47,Rail transport,2023,5909.0,10123.0,43.7,58.37,ABS 8155.0 DO001
"Transport, postal and warehousing",47,Rail transport,2024,6223.0,10870.0,45.6,57.25,ABS 8155.0 DO001
"Transport, postal and warehousing",48,Water transport,2022,805.0,1267.0,7.6,63.54,ABS 8155.0 DO001
"Transport, postal and warehousing",48,Water transport,2023,878.0,1287.0,7.8,68.22,ABS 8155.0 DO001
"Transport, postal and warehousing",48,Water transport,2024,1002.0,1569.0,8.1,63.86,ABS 8155.0 DO001
"Transport, postal and warehousing",49,Air and space transport,2022,3761.0,5390.0,36.0,69.78,ABS 8155.0 DO001
"Transport, postal and warehousing",49,Air and space transport,2024,5322.0,11479.0,41.9,46.36,ABS 8155.0 DO001
"Transport, postal and warehousing",50,Other transport,2022,893.0,3750.0,15.2,23.81,ABS 8155.0 DO001
"Transport, postal and warehousing",50,Other transport,2024,1224.0,4337.0,18.4,28.22,ABS 8155.0 DO001
"Transport, postal and warehousing",51,Postal and courier pick-up and delivery services,2022,4410.0,7047.0,101.6,62.58,ABS 8155.0 DO001
"Transport, postal and warehousing",51,Postal and courier pick-up and delivery services,2023,4388.0,6632.0,97.5,66.16,ABS 8155.0 DO001
"Transport, postal and warehousing",51,Postal and courier pick-up and delivery services,2024,4669.0,8302.0,108.4,56.24,ABS 8155.0 DO001
"Transport, postal and warehousing",52,Transport support services,2022,7841.0,21900.0,124.1,35.8,ABS 8155.0 DO001
"Transport, postal and warehousing",52,Transport support services,2023,8667.0,25951.0,127.7,33.4,ABS 8155.0 DO001
"Transport, postal and warehousing",52,Transport support services,2024,9206.0,27442.0,132.2,33.55,ABS 8155.0 DO001
"Transport, postal and warehousing",53,Warehousing and storage services,2022,1812.0,3263.0,24.7,55.53,ABS 8155.0 DO001
"Transport, postal and warehousing",53,Warehousing and storage services,2023,1966.0,3692.0,24.6,53.25,ABS 8155.0 DO001
"Transport, postal and warehousing",53,Warehousing and storage services,2024,2085.0,3852.0,25.1,54.13,ABS 8155.0 DO001
"Transport, postal and warehousing",53,Warehousing and storage services,2022,41671.0,82113.0,650.0,50.75,ABS 8155.0 DO001
"Transport, postal and warehousing",53,Warehousing and storage services,2023,46022.0,94997.0,659.0,48.45,ABS 8155.0 DO001
"Transport, postal and warehousing",53,Warehousing and storage services,2024,48244.0,100155.0,670.6,48.17,ABS 8155.0 DO001
Information media and telecommunications,54,Publishing (except internet and music publishing),2022,6113.0,8694.0,39.4,70.31,ABS 8155.0 DO001
Information media and telecommunications,54,Publishing (except internet and music publishing),2023,7636.0,9428.0,43.8,80.99,ABS 8155.0 DO001
Information media and telecommunications,54,Publishing (except internet and music publishing),2024,8369.0,11120.0,43.7,75.26,ABS 8155.0 DO001
Information media and telecommunications,55,Motion picture and sound recording activities,2022,2436.0,2547.0,47.0,95.64,ABS 8155.0 DO001
Information media and telecommunications,55,Motion picture and sound recording activities,2023,2528.0,3551.0,44.5,71.19,ABS 8155.0 DO001
Information media and telecommunications,55,Motion picture and sound recording activities,2024,2571.0,4005.0,45.3,64.19,ABS 8155.0 DO001
Information media and telecommunications,56,Broadcasting (except internet),2022,1560.0,3392.0,16.0,45.99,ABS 8155.0 DO001
Information media and telecommunications,56,Broadcasting (except internet),2023,1609.0,3267.0,16.1,49.25,ABS 8155.0 DO001
Information media and telecommunications,56,Broadcasting (except internet),2024,1644.0,3115.0,16.1,52.78,ABS 8155.0 DO001
Information media and telecommunications,57,Internet publishing and broadcasting,2022,762.0,1415.0,7.2,53.85,ABS 8155.0 DO001
Information media and telecommunications,57,Internet publishing and broadcasting,2023,831.0,1519.0,7.2,54.71,ABS 8155.0 DO001
Information media and telecommunications,57,Internet publishing and broadcasting,2024,835.0,1695.0,6.9,49.26,ABS 8155.0 DO001
Information media and telecommunications,58,Telecommunications services,2022,6420.0,21631.0,49.1,29.68,ABS 8155.0 DO001
Information media and telecommunications,58,Telecommunications services,2023,6837.0,22196.0,53.9,30.8,ABS 8155.0 DO001
Information media and telecommunications,58,Telecommunications services,2024,7115.0,23144.0,51.4,30.74,ABS 8155.0 DO001
Information media and telecommunications,59,"Internet service providers, web search portals and data processing services",2022,2390.0,5534.0,21.9,43.19,ABS 8155.0 DO001
Information media and telecommunications,59,"Internet service providers, web search portals and data processing services",2023,2672.0,5783.0,22.2,46.2,ABS 8155.0 DO001
Information media and telecommunications,59,"Internet service providers, web search portals and data processing services",2024,2936.0,6602.0,22.9,44.47,ABS 8155.0 DO001
Information media and telecommunications,60,Library and other information services,2022,97.0,168.0,1.5,57.74,ABS 8155.0 DO001
Information media and telecommunications,60,Library and other information services,2023,110.0,180.0,1.7,61.11,ABS 8155.0 DO001
Information media and telecommunications,60,Library and other information services,2024,125.0,189.0,1.9,66.14,ABS 8155.0 DO001
Information media and telecommunications,60,Library and other information services,2022,19779.0,43380.0,182.2,45.59,ABS 8155.0 DO001
Information media and telecommunications,60,Library and other information services,2023,22223.0,45924.0,189.4,48.39,ABS 8155.0 DO001
Information media and telecommunications,60,Library and other information services,2024,23595.0,49871.0,188.3,47.31,ABS 8155.0 DO001
Auxiliary Finance and Insurance Services,64,Auxiliary Finance and Insurance Services,2022,19727.0,39445.0,166.4,50.01,ABS 8155.0 DO001
Auxiliary Finance and Insurance Services,64,Auxiliary Finance and Insurance Services,2023,20817.0,39248.0,173.0,53.04,ABS 8155.0 DO001
Auxiliary Finance and Insurance Services,64,Auxiliary Finance and Insurance Services,2024,22827.0,41438.0,174.6,55.09,ABS 8155.0 DO001
"Rental, hiring and real estate services",66,Rental and hiring services (except real estate),2022,5297.0,18705.0,87.3,28.32,ABS 8155.0 DO001
"Rental, hiring and real estate services",66,Rental and hiring services (except real estate),2023,6136.0,20722.0,88.9,29.61,ABS 8155.0 DO001
"Rental, hiring and real estate services",66,Rental and hiring services (except real estate),2024,6994.0,20899.0,90.4,33.47,ABS 8155.0 DO001
"Rental, hiring and real estate services",67,Property operators and real estate services,2022,15477.0,80545.0,336.9,19.22,ABS 8155.0 DO001
"Rental, hiring and real estate services",67,Property operators and real estate services,2023,16024.0,81122.0,336.1,19.75,ABS 8155.0 DO001
"Rental, hiring and real estate services",67,Property operators and real estate services,2024,17102.0,88683.0,330.5,19.28,ABS 8155.0 DO001
"Rental, hiring and real estate services",67,Property operators and real estate services,2022,20774.0,99250.0,424.3,20.93,ABS 8155.0 DO001
"Rental, hiring and real estate services",67,Property operators and real estate services,2023,22160.0,101843.0,425.0,21.76,ABS 8155.0 DO001
"Rental, hiring and real estate services",67,Property operators and real estate services,2024,24096.0,109581.0,420.9,21.99,ABS 8155.0 DO001
"Professional, scientific and technical services",69,"Professional, scientific and technical services (except computer system design and related services)",2022,78728.0,122750.0,1035.6,64.14,ABS 8155.0 DO001
"Professional, scientific and technical services",69,"Professional, scientific and technical services (except computer system design and related services)",2023,86962.0,138964.0,1046.8,62.58,ABS 8155.0 DO001
"Professional, scientific and technical services",69,"Professional, scientific and technical services (except computer system design and related services)",2024,92734.0,150389.0,1062.1,61.66,ABS 8155.0 DO001
"Professional, scientific and technical services",70,Computer system design and related services,2022,26885.0,39792.0,244.4,67.56,ABS 8155.0 DO001
"Professional, scientific and technical services",70,Computer system design and related services,2023,30097.0,43278.0,258.4,69.54,ABS 8155.0 DO001
"Professional, scientific and technical services",70,Computer system design and related services,2024,31994.0,46199.0,255.3,69.25,ABS 8155.0 DO001
"Professional, scientific and technical services",70,Computer system design and related services,2022,105613.0,162541.0,1280.1,64.98,ABS 8155.0 DO001
"Professional, scientific and technical services",70,Computer system design and related services,2023,117059.0,182241.0,1305.2,64.23,ABS 8155.0 DO001
"Professional, scientific and technical services",70,Computer system design and related services,2024,124728.0,196588.0,1317.4,63.45,ABS 8155.0 DO001
Administrative and support services,72,Administrative services,2022,50886.0,65535.0,774.6,77.65,ABS 8155.0 DO001
Administrative and support services,72,Administrative services,2023,58494.0,77131.0,782.6,75.84,ABS 8155.0 DO001
Administrative and support services,72,Administrative services,2024,60117.0,79479.0,779.3,75.64,ABS 8155.0 DO001
Administrative and support services,73,"Building cleaning, pest control and other support services",2022,7165.0,13410.0,230.7,53.43,ABS 8155.0 DO001
Administrative and support services,73,"Building cleaning, pest control and other support services",2023,7965.0,14616.0,219.7,54.5,ABS 8155.0 DO001
Administrative and support services,73,"Building cleaning, pest control and other support services",2024,8340.0,14846.0,227.1,56.18,ABS 8155.0 DO001
Administrative and support services,73,"Building cleaning, pest control and other support services",2022,58051.0,78945.0,1005.3,73.53,ABS 8155.0 DO001
Administrative and support services,73,"Building cleaning, pest control and other support services",2023,66459.0,91747.0,1002.3,72.44,ABS 8155.0 DO001
Administrative and support services,73,"Building cleaning, pest control and other support services",2024,68457.0,94325.0,1006.4,72.58,ABS 8155.0 DO001
Public administration and safety (private),77,"Public order, safety and regulatory services (private)",2022,5380.0,7469.0,95.0,72.03,ABS 8155.0 DO001
Public administration and safety (private),77,"Public order, safety and regulatory services (private)",2023,5908.0,8302.0,99.3,71.16,ABS 8155.0 DO001
Public administration and safety (private),77,"Public order, safety and regulatory services (private)",2024,6503.0,9282.0,106.8,70.06,ABS 8155.0 DO001
Public administration and safety (private),77,"Public order, safety and regulatory services (private)",2022,5380.0,7469.0,95.0,72.03,ABS 8155.0 DO001
Public administration and safety (private),77,"Public order, safety and regulatory services (private)",2023,5908.0,8302.0,99.3,71.16,ABS 8155.0 DO001
Public administration and safety (private),77,"Public order, safety and regulatory services (private)",2024,6503.0,9282.0,106.8,70.06,ABS 8155.0 DO001
Education and training (private),80,Preschool and school education (private),2022,18665.0,24585.0,276.9,75.92,ABS 8155.0 DO001
Education and training (private),80,Preschool and school education (private),2023,20278.0,26600.0,295.6,76.23,ABS 8155.0 DO001
Education and training (private),80,Preschool and school education (private),2024,22093.0,29365.0,307.4,75.24,ABS 8155.0 DO001
Education and training (private),81,Tertiary education (private),2022,4401.0,6655.0,74.6,66.13,ABS 8155.0 DO001
Education and training (private),81,Tertiary education (private),2023,4832.0,7379.0,77.4,65.48,ABS 8155.0 DO001
Education and training (private),81,Tertiary education (private),2024,5134.0,7249.0,76.6,70.82,ABS 8155.0 DO001
Education and training (private),82,"Adult, community and other education (private)",2022,3328.0,5032.0,114.7,66.14,ABS 8155.0 DO001
Education and training (private),82,"Adult, community and other education (private)",2023,3873.0,6270.0,119.9,61.77,ABS 8155.0 DO001
Education and training (private),82,"Adult, community and other education (private)",2024,4429.0,7312.0,131.9,60.57,ABS 8155.0 DO001
Education and training (private),82,"Adult, community and other education (private)",2022,26394.0,36272.0,466.3,72.77,ABS 8155.0 DO001
Education and training (private),82,"Adult, community and other education (private)",2023,28983.0,40249.0,493.0,72.01,ABS 8155.0 DO001
Education and training (private),82,"Adult, community and other education (private)",2024,31656.0,43926.0,515.8,72.07,ABS 8155.0 DO001
Health care and social assistance (private),84,Hospitals (private),2022,10158.0,12619.0,149.5,80.5,ABS 8155.0 DO001
Health care and social assistance (private),84,Hospitals (private),2023,10725.0,13044.0,151.6,82.22,ABS 8155.0 DO001
Health care and social assistance (private),84,Hospitals (private),2024,11283.0,13962.0,154.5,80.81,ABS 8155.0 DO001
Health care and social assistance (private),85,Medical and other health care services (private),2022,25863.0,60621.0,542.6,42.66,ABS 8155.0 DO001
Health care and social assistance (private),85,Medical and other health care services (private),2023,28865.0,65097.0,562.2,44.34,ABS 8155.0 DO001
Health care and social assistance (private),85,Medical and other health care services (private),2024,29086.0,66318.0,573.2,43.86,ABS 8155.0 DO001
Health care and social assistance (private),86,Residential care services (private),2022,17101.0,20397.0,319.1,83.84,ABS 8155.0 DO001
Health care and social assistance (private),86,Residential care services (private),2023,18298.0,23861.0,356.8,76.69,ABS 8155.0 DO001
Health care and social assistance (private),86,Residential care services (private),2024,23059.0,28245.0,389.8,81.64,ABS 8155.0 DO001
Health care and social assistance (private),87,Social assistance services (private),2022,25532.0,31022.0,529.2,82.3,ABS 8155.0 DO001
Health care and social assistance (private),87,Social assistance services (private),2023,28407.0,35722.0,596.1,79.52,ABS 8155.0 DO001
Health care and social assistance (private),87,Social assistance services (private),2024,33536.0,43547.0,679.5,77.01,ABS 8155.0 DO001
Health care and social assistance (private),87,Social assistance services (private),2022,78655.0,124658.0,1540.3,63.1,ABS 8155.0 DO001
Health care and social assistance (private),87,Social assistance services (private),2023,86294.0,137723.0,1666.7,62.66,ABS 8155.0 DO001
Health care and social assistance (private),87,Social assistance services (private),2024,96964.0,152072.0,1796.9,63.76,ABS 8155.0 DO001
Arts and recreation services,89,Heritage activities,2022,451.0,518.0,9.5,87.07,ABS 8155.0 DO001
Arts and recreation services,89,Heritage activities,2023,511.0,760.0,9.8,67.24,ABS 8155.0 DO001
Arts and recreation services,89,Heritage activities,2024,580.0,839.0,10.9,69.13,ABS 8155.0 DO001
Arts and recreation services,90,Creative and performing arts activities,2022,1154.0,2370.0,42.2,48.69,ABS 8155.0 DO001
Arts and recreation services,90,Creative and performing arts activities,2023,1514.0,3516.0,49.2,43.06,ABS 8155.0 DO001
Arts and recreation services,90,Creative and performing arts activities,2024,1525.0,3557.0,47.1,42.87,ABS 8155.0 DO001
Arts and recreation services,91,Sports and recreation activities,2022,5001.0,6951.0,159.4,71.95,ABS 8155.0 DO001
Arts and recreation services,91,Sports and recreation activities,2023,6019.0,9814.0,163.4,61.33,ABS 8155.0 DO001
Arts and recreation services,91,Sports and recreation activities,2024,6658.0,10364.0,186.5,64.24,ABS 8155.0 DO001
Arts and recreation services,92,Gambling activities,2022,1996.0,5275.0,31.9,37.84,ABS 8155.0 DO001
Arts and recreation services,92,Gambling activities,2023,2340.0,5572.0,33.0,42.0,ABS 8155.0 DO001
Arts and recreation services,92,Gambling activities,2024,2507.0,5730.0,32.8,43.75,ABS 8155.0 DO001
Arts and recreation services,92,Gambling activities,2022,8603.0,15113.0,243.0,56.92,ABS 8155.0 DO001
Arts and recreation services,92,Gambling activities,2023,10385.0,19661.0,255.4,52.82,ABS 8155.0 DO001
Arts and recreation services,92,Gambling activities,2024,11271.0,20491.0,277.3,55.0,ABS 8155.0 DO001
Other services,94,Repair and maintenance,2022,10962.0,18665.0,203.0,58.73,ABS 8155.0 DO001
Other services,94,Repair and maintenance,2023,12056.0,21340.0,213.1,56.49,ABS 8155.0 DO001
Other services,94,Repair and maintenance,2024,13544.0,23282.0,224.4,58.17,ABS 8155.0 DO001
Other services,95,Personal and other services,2022,14267.0,20087.0,344.9,71.03,ABS 8155.0 DO001
Other services,95,Personal and other services,2023,16676.0,24620.0,372.0,67.73,ABS 8155.0 DO001
Other services,95,Personal and other services,2024,18090.0,25694.0,358.7,70.41,ABS 8155.0 DO001
Other services,95,Personal and other services,2022,25229.0,38753.0,547.9,65.1,ABS 8155.0 DO001
Other services,95,Personal and other services,2023,28732.0,45960.0,585.2,62.52,ABS 8155.0 DO001
Other services,95,Personal and other services,2024,31634.0,48976.0,583.2,64.59,ABS 8155.0 DO001
Other services,95,Personal and other services,2022,737183.0,1603972.0,12523.8,45.96,ABS 8155.0 DO001
Other services,95,Personal and other services,2023,820231.0,1830964.0,13025.5,44.8,ABS 8155.0 DO001
Other services,95,Personal and other services,2024,881535.0,1876560.0,13370.6,46.98,ABS 8155.0 DO001
